import_reference_id,je_header_id,je_line_id,ae_header_id,ae_line_id,reference_table_name,reference_id
2,2,2,1,1,RA_CUSTOMER_TRX_ALL,1
3,2,3,1,1,RA_CUSTOMER_TRX_ALL,1
4,2,4,1,1,RA_CUSTOMER_TRX_ALL,1
5,3,5,2,3,RA_CUSTOMER_TRX_ALL,2
6,3,6,2,3,RA_CUSTOMER_TRX_ALL,2
7,3,7,2,3,RA_CUSTOMER_TRX_ALL,2
8,4,8,3,5,RA_CUSTOMER_TRX_ALL,3
9,4,9,3,5,RA_CUSTOMER_TRX_ALL,3
10,4,10,3,5,RA_CUSTOMER_TRX_ALL,3
11,5,11,4,7,RA_CUSTOMER_TRX_ALL,4
12,5,12,4,7,RA_CUSTOMER_TRX_ALL,4
13,5,13,4,7,RA_CUSTOMER_TRX_ALL,4
14,6,14,5,9,RA_CUSTOMER_TRX_ALL,5
15,6,15,5,9,RA_CUSTOMER_TRX_ALL,5
16,6,16,5,9,RA_CUSTOMER_TRX_ALL,5
17,7,17,6,11,RA_CUSTOMER_TRX_ALL,6
18,7,18,6,11,RA_CUSTOMER_TRX_ALL,6
19,7,19,6,11,RA_CUSTOMER_TRX_ALL,6
20,8,20,7,13,RA_CUSTOMER_TRX_ALL,7
21,8,21,7,13,RA_CUSTOMER_TRX_ALL,7
22,8,22,7,13,RA_CUSTOMER_TRX_ALL,7
23,9,23,8,15,RA_CUSTOMER_TRX_ALL,8
24,9,24,8,15,RA_CUSTOMER_TRX_ALL,8
25,9,25,8,15,RA_CUSTOMER_TRX_ALL,8
26,10,26,9,17,RA_CUSTOMER_TRX_ALL,9
27,10,27,9,17,RA_CUSTOMER_TRX_ALL,9
28,10,28,9,17,RA_CUSTOMER_TRX_ALL,9
29,11,29,10,19,RA_CUSTOMER_TRX_ALL,10
30,11,30,10,19,RA_CUSTOMER_TRX_ALL,10
31,11,31,10,19,RA_CUSTOMER_TRX_ALL,10
32,12,32,11,21,RA_CUSTOMER_TRX_ALL,11
33,12,33,11,21,RA_CUSTOMER_TRX_ALL,11
34,12,34,11,21,RA_CUSTOMER_TRX_ALL,11
35,13,35,12,23,RA_CUSTOMER_TRX_ALL,12
36,13,36,12,23,RA_CUSTOMER_TRX_ALL,12
37,13,37,12,23,RA_CUSTOMER_TRX_ALL,12
38,14,38,13,25,RA_CUSTOMER_TRX_ALL,13
39,14,39,13,25,RA_CUSTOMER_TRX_ALL,13
40,14,40,13,25,RA_CUSTOMER_TRX_ALL,13
41,15,41,14,27,RA_CUSTOMER_TRX_ALL,14
42,15,42,14,27,RA_CUSTOMER_TRX_ALL,14
43,15,43,14,27,RA_CUSTOMER_TRX_ALL,14
44,16,44,15,29,RA_CUSTOMER_TRX_ALL,15
45,16,45,15,29,RA_CUSTOMER_TRX_ALL,15
46,16,46,15,29,RA_CUSTOMER_TRX_ALL,15
47,17,47,16,31,RA_CUSTOMER_TRX_ALL,16
48,17,48,16,31,RA_CUSTOMER_TRX_ALL,16
49,17,49,16,31,RA_CUSTOMER_TRX_ALL,16
50,18,50,17,33,RA_CUSTOMER_TRX_ALL,17
51,18,51,17,33,RA_CUSTOMER_TRX_ALL,17
52,18,52,17,33,RA_CUSTOMER_TRX_ALL,17
53,19,53,18,35,RA_CUSTOMER_TRX_ALL,18
54,19,54,18,35,RA_CUSTOMER_TRX_ALL,18
55,19,55,18,35,RA_CUSTOMER_TRX_ALL,18
56,20,56,19,37,RA_CUSTOMER_TRX_ALL,19
57,20,57,19,37,RA_CUSTOMER_TRX_ALL,19
58,20,58,19,37,RA_CUSTOMER_TRX_ALL,19
59,21,59,20,39,RA_CUSTOMER_TRX_ALL,20
60,21,60,20,39,RA_CUSTOMER_TRX_ALL,20
61,21,61,20,39,RA_CUSTOMER_TRX_ALL,20
62,22,62,21,41,RA_CUSTOMER_TRX_ALL,21
63,22,63,21,41,RA_CUSTOMER_TRX_ALL,21
64,22,64,21,41,RA_CUSTOMER_TRX_ALL,21
65,23,65,22,43,RA_CUSTOMER_TRX_ALL,22
66,23,66,22,43,RA_CUSTOMER_TRX_ALL,22
67,23,67,22,43,RA_CUSTOMER_TRX_ALL,22
68,24,68,23,45,RA_CUSTOMER_TRX_ALL,23
69,24,69,23,45,RA_CUSTOMER_TRX_ALL,23
70,24,70,23,45,RA_CUSTOMER_TRX_ALL,23
71,25,71,24,47,RA_CUSTOMER_TRX_ALL,24
72,25,72,24,47,RA_CUSTOMER_TRX_ALL,24
73,25,73,24,47,RA_CUSTOMER_TRX_ALL,24
74,26,74,25,49,RA_CUSTOMER_TRX_ALL,25
75,26,75,25,49,RA_CUSTOMER_TRX_ALL,25
76,26,76,25,49,RA_CUSTOMER_TRX_ALL,25
77,27,77,26,51,RA_CUSTOMER_TRX_ALL,26
78,27,78,26,51,RA_CUSTOMER_TRX_ALL,26
79,27,79,26,51,RA_CUSTOMER_TRX_ALL,26
80,28,80,27,53,RA_CUSTOMER_TRX_ALL,27
81,28,81,27,53,RA_CUSTOMER_TRX_ALL,27
82,28,82,27,53,RA_CUSTOMER_TRX_ALL,27
83,29,83,28,55,RA_CUSTOMER_TRX_ALL,28
84,29,84,28,55,RA_CUSTOMER_TRX_ALL,28
85,29,85,28,55,RA_CUSTOMER_TRX_ALL,28
86,30,86,29,57,RA_CUSTOMER_TRX_ALL,29
87,30,87,29,57,RA_CUSTOMER_TRX_ALL,29
88,30,88,29,57,RA_CUSTOMER_TRX_ALL,29
89,31,89,30,59,RA_CUSTOMER_TRX_ALL,30
90,31,90,30,59,RA_CUSTOMER_TRX_ALL,30
91,31,91,30,59,RA_CUSTOMER_TRX_ALL,30
92,32,92,31,61,RA_CUSTOMER_TRX_ALL,31
93,32,93,31,61,RA_CUSTOMER_TRX_ALL,31
94,32,94,31,61,RA_CUSTOMER_TRX_ALL,31
95,33,95,32,63,RA_CUSTOMER_TRX_ALL,32
96,33,96,32,63,RA_CUSTOMER_TRX_ALL,32
97,33,97,32,63,RA_CUSTOMER_TRX_ALL,32
98,34,98,33,65,RA_CUSTOMER_TRX_ALL,33
99,34,99,33,65,RA_CUSTOMER_TRX_ALL,33
100,34,100,33,65,RA_CUSTOMER_TRX_ALL,33
101,35,101,34,67,RA_CUSTOMER_TRX_ALL,34
102,35,102,34,67,RA_CUSTOMER_TRX_ALL,34
103,35,103,34,67,RA_CUSTOMER_TRX_ALL,34
104,36,104,35,69,RA_CUSTOMER_TRX_ALL,35
105,36,105,35,69,RA_CUSTOMER_TRX_ALL,35
106,36,106,35,69,RA_CUSTOMER_TRX_ALL,35
107,37,107,36,71,RA_CUSTOMER_TRX_ALL,36
108,37,108,36,71,RA_CUSTOMER_TRX_ALL,36
109,37,109,36,71,RA_CUSTOMER_TRX_ALL,36
110,38,110,37,73,RA_CUSTOMER_TRX_ALL,37
111,38,111,37,73,RA_CUSTOMER_TRX_ALL,37
112,38,112,37,73,RA_CUSTOMER_TRX_ALL,37
113,39,113,38,75,RA_CUSTOMER_TRX_ALL,38
114,39,114,38,75,RA_CUSTOMER_TRX_ALL,38
115,39,115,38,75,RA_CUSTOMER_TRX_ALL,38
116,40,116,39,77,RA_CUSTOMER_TRX_ALL,39
117,40,117,39,77,RA_CUSTOMER_TRX_ALL,39
118,40,118,39,77,RA_CUSTOMER_TRX_ALL,39
119,41,119,40,79,RA_CUSTOMER_TRX_ALL,40
120,41,120,40,79,RA_CUSTOMER_TRX_ALL,40
121,41,121,40,79,RA_CUSTOMER_TRX_ALL,40
122,42,122,41,81,RA_CUSTOMER_TRX_ALL,41
123,42,123,41,81,RA_CUSTOMER_TRX_ALL,41
124,42,124,41,81,RA_CUSTOMER_TRX_ALL,41
125,43,125,42,83,RA_CUSTOMER_TRX_ALL,42
126,43,126,42,83,RA_CUSTOMER_TRX_ALL,42
127,43,127,42,83,RA_CUSTOMER_TRX_ALL,42
128,44,128,43,85,RA_CUSTOMER_TRX_ALL,43
129,44,129,43,85,RA_CUSTOMER_TRX_ALL,43
130,44,130,43,85,RA_CUSTOMER_TRX_ALL,43
131,45,131,44,87,RA_CUSTOMER_TRX_ALL,44
132,45,132,44,87,RA_CUSTOMER_TRX_ALL,44
133,45,133,44,87,RA_CUSTOMER_TRX_ALL,44
134,46,134,45,89,RA_CUSTOMER_TRX_ALL,45
135,46,135,45,89,RA_CUSTOMER_TRX_ALL,45
136,46,136,45,89,RA_CUSTOMER_TRX_ALL,45
137,47,137,46,91,RA_CUSTOMER_TRX_ALL,46
138,47,138,46,91,RA_CUSTOMER_TRX_ALL,46
139,47,139,46,91,RA_CUSTOMER_TRX_ALL,46
140,48,140,47,93,RA_CUSTOMER_TRX_ALL,47
141,48,141,47,93,RA_CUSTOMER_TRX_ALL,47
142,48,142,47,93,RA_CUSTOMER_TRX_ALL,47
143,49,143,48,95,RA_CUSTOMER_TRX_ALL,48
144,49,144,48,95,RA_CUSTOMER_TRX_ALL,48
145,49,145,48,95,RA_CUSTOMER_TRX_ALL,48
146,50,146,49,97,RA_CUSTOMER_TRX_ALL,49
147,50,147,49,97,RA_CUSTOMER_TRX_ALL,49
148,50,148,49,97,RA_CUSTOMER_TRX_ALL,49
149,51,149,50,99,RA_CUSTOMER_TRX_ALL,50
150,51,150,50,99,RA_CUSTOMER_TRX_ALL,50
151,51,151,50,99,RA_CUSTOMER_TRX_ALL,50
152,52,152,51,101,RA_CUSTOMER_TRX_ALL,51
153,52,153,51,101,RA_CUSTOMER_TRX_ALL,51
154,52,154,51,101,RA_CUSTOMER_TRX_ALL,51
155,53,155,52,103,RA_CUSTOMER_TRX_ALL,52
156,53,156,52,103,RA_CUSTOMER_TRX_ALL,52
157,53,157,52,103,RA_CUSTOMER_TRX_ALL,52
158,54,158,53,105,RA_CUSTOMER_TRX_ALL,53
159,54,159,53,105,RA_CUSTOMER_TRX_ALL,53
160,54,160,53,105,RA_CUSTOMER_TRX_ALL,53
161,55,161,54,107,RA_CUSTOMER_TRX_ALL,54
162,55,162,54,107,RA_CUSTOMER_TRX_ALL,54
163,55,163,54,107,RA_CUSTOMER_TRX_ALL,54
164,56,164,55,109,RA_CUSTOMER_TRX_ALL,55
165,56,165,55,109,RA_CUSTOMER_TRX_ALL,55
166,56,166,55,109,RA_CUSTOMER_TRX_ALL,55
167,57,167,56,111,RA_CUSTOMER_TRX_ALL,56
168,57,168,56,111,RA_CUSTOMER_TRX_ALL,56
169,57,169,56,111,RA_CUSTOMER_TRX_ALL,56
170,58,170,57,113,RA_CUSTOMER_TRX_ALL,57
171,58,171,57,113,RA_CUSTOMER_TRX_ALL,57
172,58,172,57,113,RA_CUSTOMER_TRX_ALL,57
173,59,173,58,115,RA_CUSTOMER_TRX_ALL,58
174,59,174,58,115,RA_CUSTOMER_TRX_ALL,58
175,59,175,58,115,RA_CUSTOMER_TRX_ALL,58
176,60,176,59,117,RA_CUSTOMER_TRX_ALL,59
177,60,177,59,117,RA_CUSTOMER_TRX_ALL,59
178,60,178,59,117,RA_CUSTOMER_TRX_ALL,59
179,61,179,60,119,RA_CUSTOMER_TRX_ALL,60
180,61,180,60,119,RA_CUSTOMER_TRX_ALL,60
181,61,181,60,119,RA_CUSTOMER_TRX_ALL,60
182,62,182,61,121,RA_CUSTOMER_TRX_ALL,61
183,62,183,61,121,RA_CUSTOMER_TRX_ALL,61
184,62,184,61,121,RA_CUSTOMER_TRX_ALL,61
185,63,185,62,123,RA_CUSTOMER_TRX_ALL,62
186,63,186,62,123,RA_CUSTOMER_TRX_ALL,62
187,63,187,62,123,RA_CUSTOMER_TRX_ALL,62
188,64,188,63,125,RA_CUSTOMER_TRX_ALL,63
189,64,189,63,125,RA_CUSTOMER_TRX_ALL,63
190,64,190,63,125,RA_CUSTOMER_TRX_ALL,63
191,65,191,64,127,RA_CUSTOMER_TRX_ALL,64
192,65,192,64,127,RA_CUSTOMER_TRX_ALL,64
193,65,193,64,127,RA_CUSTOMER_TRX_ALL,64
194,66,194,65,129,RA_CUSTOMER_TRX_ALL,65
195,66,195,65,129,RA_CUSTOMER_TRX_ALL,65
196,66,196,65,129,RA_CUSTOMER_TRX_ALL,65
197,67,197,66,131,RA_CUSTOMER_TRX_ALL,66
198,67,198,66,131,RA_CUSTOMER_TRX_ALL,66
199,67,199,66,131,RA_CUSTOMER_TRX_ALL,66
200,68,200,67,133,RA_CUSTOMER_TRX_ALL,67
201,68,201,67,133,RA_CUSTOMER_TRX_ALL,67
202,68,202,67,133,RA_CUSTOMER_TRX_ALL,67
203,69,203,68,135,RA_CUSTOMER_TRX_ALL,68
204,69,204,68,135,RA_CUSTOMER_TRX_ALL,68
205,69,205,68,135,RA_CUSTOMER_TRX_ALL,68
206,70,206,69,137,RA_CUSTOMER_TRX_ALL,69
207,70,207,69,137,RA_CUSTOMER_TRX_ALL,69
208,70,208,69,137,RA_CUSTOMER_TRX_ALL,69
209,71,209,70,139,RA_CUSTOMER_TRX_ALL,70
210,71,210,70,139,RA_CUSTOMER_TRX_ALL,70
211,71,211,70,139,RA_CUSTOMER_TRX_ALL,70
212,72,212,71,141,RA_CUSTOMER_TRX_ALL,71
213,72,213,71,141,RA_CUSTOMER_TRX_ALL,71
214,72,214,71,141,RA_CUSTOMER_TRX_ALL,71
215,73,215,72,143,RA_CUSTOMER_TRX_ALL,72
216,73,216,72,143,RA_CUSTOMER_TRX_ALL,72
217,73,217,72,143,RA_CUSTOMER_TRX_ALL,72
218,74,218,73,145,RA_CUSTOMER_TRX_ALL,73
219,74,219,73,145,RA_CUSTOMER_TRX_ALL,73
220,74,220,73,145,RA_CUSTOMER_TRX_ALL,73
221,75,221,74,147,RA_CUSTOMER_TRX_ALL,74
222,75,222,74,147,RA_CUSTOMER_TRX_ALL,74
223,75,223,74,147,RA_CUSTOMER_TRX_ALL,74
224,76,224,75,149,RA_CUSTOMER_TRX_ALL,75
225,76,225,75,149,RA_CUSTOMER_TRX_ALL,75
226,76,226,75,149,RA_CUSTOMER_TRX_ALL,75
227,77,227,76,151,RA_CUSTOMER_TRX_ALL,76
228,77,228,76,151,RA_CUSTOMER_TRX_ALL,76
229,77,229,76,151,RA_CUSTOMER_TRX_ALL,76
230,78,230,77,153,RA_CUSTOMER_TRX_ALL,77
231,78,231,77,153,RA_CUSTOMER_TRX_ALL,77
232,78,232,77,153,RA_CUSTOMER_TRX_ALL,77
233,79,233,78,155,RA_CUSTOMER_TRX_ALL,78
234,79,234,78,155,RA_CUSTOMER_TRX_ALL,78
235,79,235,78,155,RA_CUSTOMER_TRX_ALL,78
236,80,236,79,157,RA_CUSTOMER_TRX_ALL,79
237,80,237,79,157,RA_CUSTOMER_TRX_ALL,79
238,80,238,79,157,RA_CUSTOMER_TRX_ALL,79
239,81,239,80,159,RA_CUSTOMER_TRX_ALL,80
240,81,240,80,159,RA_CUSTOMER_TRX_ALL,80
241,81,241,80,159,RA_CUSTOMER_TRX_ALL,80
242,82,242,81,161,RA_CUSTOMER_TRX_ALL,81
243,82,243,81,161,RA_CUSTOMER_TRX_ALL,81
244,82,244,81,161,RA_CUSTOMER_TRX_ALL,81
245,83,245,82,163,RA_CUSTOMER_TRX_ALL,82
246,83,246,82,163,RA_CUSTOMER_TRX_ALL,82
247,83,247,82,163,RA_CUSTOMER_TRX_ALL,82
248,84,248,83,165,RA_CUSTOMER_TRX_ALL,83
249,84,249,83,165,RA_CUSTOMER_TRX_ALL,83
250,84,250,83,165,RA_CUSTOMER_TRX_ALL,83
251,85,251,84,167,RA_CUSTOMER_TRX_ALL,84
252,85,252,84,167,RA_CUSTOMER_TRX_ALL,84
253,85,253,84,167,RA_CUSTOMER_TRX_ALL,84
254,86,254,85,169,RA_CUSTOMER_TRX_ALL,85
255,86,255,85,169,RA_CUSTOMER_TRX_ALL,85
256,86,256,85,169,RA_CUSTOMER_TRX_ALL,85
257,87,257,86,171,RA_CUSTOMER_TRX_ALL,86
258,87,258,86,171,RA_CUSTOMER_TRX_ALL,86
259,87,259,86,171,RA_CUSTOMER_TRX_ALL,86
260,88,260,87,173,RA_CUSTOMER_TRX_ALL,87
261,88,261,87,173,RA_CUSTOMER_TRX_ALL,87
262,88,262,87,173,RA_CUSTOMER_TRX_ALL,87
263,89,263,88,175,RA_CUSTOMER_TRX_ALL,88
264,89,264,88,175,RA_CUSTOMER_TRX_ALL,88
265,89,265,88,175,RA_CUSTOMER_TRX_ALL,88
266,90,266,89,177,RA_CUSTOMER_TRX_ALL,89
267,90,267,89,177,RA_CUSTOMER_TRX_ALL,89
268,90,268,89,177,RA_CUSTOMER_TRX_ALL,89
269,91,269,90,179,RA_CUSTOMER_TRX_ALL,90
270,91,270,90,179,RA_CUSTOMER_TRX_ALL,90
271,91,271,90,179,RA_CUSTOMER_TRX_ALL,90
272,92,272,91,181,RA_CUSTOMER_TRX_ALL,91
273,92,273,91,181,RA_CUSTOMER_TRX_ALL,91
274,92,274,91,181,RA_CUSTOMER_TRX_ALL,91
275,93,275,92,183,RA_CUSTOMER_TRX_ALL,92
276,93,276,92,183,RA_CUSTOMER_TRX_ALL,92
277,93,277,92,183,RA_CUSTOMER_TRX_ALL,92
278,94,278,93,185,RA_CUSTOMER_TRX_ALL,93
279,94,279,93,185,RA_CUSTOMER_TRX_ALL,93
280,94,280,93,185,RA_CUSTOMER_TRX_ALL,93
281,95,281,94,187,RA_CUSTOMER_TRX_ALL,94
282,95,282,94,187,RA_CUSTOMER_TRX_ALL,94
283,95,283,94,187,RA_CUSTOMER_TRX_ALL,94
284,96,284,95,189,RA_CUSTOMER_TRX_ALL,95
285,96,285,95,189,RA_CUSTOMER_TRX_ALL,95
286,96,286,95,189,RA_CUSTOMER_TRX_ALL,95
287,97,287,96,191,RA_CUSTOMER_TRX_ALL,96
288,97,288,96,191,RA_CUSTOMER_TRX_ALL,96
289,97,289,96,191,RA_CUSTOMER_TRX_ALL,96
290,98,290,97,193,RA_CUSTOMER_TRX_ALL,97
291,98,291,97,193,RA_CUSTOMER_TRX_ALL,97
292,98,292,97,193,RA_CUSTOMER_TRX_ALL,97
293,99,293,98,195,RA_CUSTOMER_TRX_ALL,98
294,99,294,98,195,RA_CUSTOMER_TRX_ALL,98
295,99,295,98,195,RA_CUSTOMER_TRX_ALL,98
296,100,296,99,197,RA_CUSTOMER_TRX_ALL,99
297,100,297,99,197,RA_CUSTOMER_TRX_ALL,99
298,100,298,99,197,RA_CUSTOMER_TRX_ALL,99
299,101,299,100,199,RA_CUSTOMER_TRX_ALL,100
300,101,300,100,199,RA_CUSTOMER_TRX_ALL,100
301,101,301,100,199,RA_CUSTOMER_TRX_ALL,100
302,102,302,101,201,RA_CUSTOMER_TRX_ALL,101
303,102,303,101,201,RA_CUSTOMER_TRX_ALL,101
304,102,304,101,201,RA_CUSTOMER_TRX_ALL,101
305,103,305,102,203,RA_CUSTOMER_TRX_ALL,102
306,103,306,102,203,RA_CUSTOMER_TRX_ALL,102
307,103,307,102,203,RA_CUSTOMER_TRX_ALL,102
308,104,308,103,205,RA_CUSTOMER_TRX_ALL,103
309,104,309,103,205,RA_CUSTOMER_TRX_ALL,103
310,104,310,103,205,RA_CUSTOMER_TRX_ALL,103
311,105,311,104,207,RA_CUSTOMER_TRX_ALL,104
312,105,312,104,207,RA_CUSTOMER_TRX_ALL,104
313,105,313,104,207,RA_CUSTOMER_TRX_ALL,104
314,106,314,105,209,RA_CUSTOMER_TRX_ALL,105
315,106,315,105,209,RA_CUSTOMER_TRX_ALL,105
316,106,316,105,209,RA_CUSTOMER_TRX_ALL,105
317,107,317,106,211,RA_CUSTOMER_TRX_ALL,106
318,107,318,106,211,RA_CUSTOMER_TRX_ALL,106
319,107,319,106,211,RA_CUSTOMER_TRX_ALL,106
320,108,320,107,213,RA_CUSTOMER_TRX_ALL,107
321,108,321,107,213,RA_CUSTOMER_TRX_ALL,107
322,108,322,107,213,RA_CUSTOMER_TRX_ALL,107
323,109,323,108,215,RA_CUSTOMER_TRX_ALL,108
324,109,324,108,215,RA_CUSTOMER_TRX_ALL,108
325,109,325,108,215,RA_CUSTOMER_TRX_ALL,108
326,110,326,109,217,RA_CUSTOMER_TRX_ALL,109
327,110,327,109,217,RA_CUSTOMER_TRX_ALL,109
328,110,328,109,217,RA_CUSTOMER_TRX_ALL,109
329,111,329,110,219,RA_CUSTOMER_TRX_ALL,110
330,111,330,110,219,RA_CUSTOMER_TRX_ALL,110
331,111,331,110,219,RA_CUSTOMER_TRX_ALL,110
332,112,332,111,221,RA_CUSTOMER_TRX_ALL,111
333,112,333,111,221,RA_CUSTOMER_TRX_ALL,111
334,112,334,111,221,RA_CUSTOMER_TRX_ALL,111
335,113,335,112,223,RA_CUSTOMER_TRX_ALL,112
336,113,336,112,223,RA_CUSTOMER_TRX_ALL,112
337,113,337,112,223,RA_CUSTOMER_TRX_ALL,112
338,114,338,113,225,RA_CUSTOMER_TRX_ALL,113
339,114,339,113,225,RA_CUSTOMER_TRX_ALL,113
340,114,340,113,225,RA_CUSTOMER_TRX_ALL,113
341,115,341,114,227,RA_CUSTOMER_TRX_ALL,114
342,115,342,114,227,RA_CUSTOMER_TRX_ALL,114
343,115,343,114,227,RA_CUSTOMER_TRX_ALL,114
344,116,344,115,229,RA_CUSTOMER_TRX_ALL,115
345,116,345,115,229,RA_CUSTOMER_TRX_ALL,115
346,116,346,115,229,RA_CUSTOMER_TRX_ALL,115
347,117,347,116,231,RA_CUSTOMER_TRX_ALL,116
348,117,348,116,231,RA_CUSTOMER_TRX_ALL,116
349,117,349,116,231,RA_CUSTOMER_TRX_ALL,116
350,118,350,117,233,RA_CUSTOMER_TRX_ALL,117
351,118,351,117,233,RA_CUSTOMER_TRX_ALL,117
352,118,352,117,233,RA_CUSTOMER_TRX_ALL,117
353,119,353,118,235,RA_CUSTOMER_TRX_ALL,118
354,119,354,118,235,RA_CUSTOMER_TRX_ALL,118
355,119,355,118,235,RA_CUSTOMER_TRX_ALL,118
356,120,356,119,237,RA_CUSTOMER_TRX_ALL,119
357,120,357,119,237,RA_CUSTOMER_TRX_ALL,119
358,120,358,119,237,RA_CUSTOMER_TRX_ALL,119
359,121,359,120,239,RA_CUSTOMER_TRX_ALL,120
360,121,360,120,239,RA_CUSTOMER_TRX_ALL,120
361,121,361,120,239,RA_CUSTOMER_TRX_ALL,120
362,122,362,121,241,RA_CUSTOMER_TRX_ALL,121
363,122,363,121,241,RA_CUSTOMER_TRX_ALL,121
364,122,364,121,241,RA_CUSTOMER_TRX_ALL,121
365,123,365,122,243,RA_CUSTOMER_TRX_ALL,122
366,123,366,122,243,RA_CUSTOMER_TRX_ALL,122
367,123,367,122,243,RA_CUSTOMER_TRX_ALL,122
368,124,368,123,245,RA_CUSTOMER_TRX_ALL,123
369,124,369,123,245,RA_CUSTOMER_TRX_ALL,123
370,124,370,123,245,RA_CUSTOMER_TRX_ALL,123
371,125,371,124,247,RA_CUSTOMER_TRX_ALL,124
372,125,372,124,247,RA_CUSTOMER_TRX_ALL,124
373,125,373,124,247,RA_CUSTOMER_TRX_ALL,124
374,126,374,125,249,RA_CUSTOMER_TRX_ALL,125
375,126,375,125,249,RA_CUSTOMER_TRX_ALL,125
376,126,376,125,249,RA_CUSTOMER_TRX_ALL,125
377,127,377,126,251,RA_CUSTOMER_TRX_ALL,126
378,127,378,126,251,RA_CUSTOMER_TRX_ALL,126
379,127,379,126,251,RA_CUSTOMER_TRX_ALL,126
380,128,380,127,253,RA_CUSTOMER_TRX_ALL,127
381,128,381,127,253,RA_CUSTOMER_TRX_ALL,127
382,128,382,127,253,RA_CUSTOMER_TRX_ALL,127
383,129,383,128,255,RA_CUSTOMER_TRX_ALL,128
384,129,384,128,255,RA_CUSTOMER_TRX_ALL,128
385,129,385,128,255,RA_CUSTOMER_TRX_ALL,128
386,130,386,129,257,RA_CUSTOMER_TRX_ALL,129
387,130,387,129,257,RA_CUSTOMER_TRX_ALL,129
388,130,388,129,257,RA_CUSTOMER_TRX_ALL,129
389,131,389,130,259,RA_CUSTOMER_TRX_ALL,130
390,131,390,130,259,RA_CUSTOMER_TRX_ALL,130
391,131,391,130,259,RA_CUSTOMER_TRX_ALL,130
392,132,392,131,261,RA_CUSTOMER_TRX_ALL,131
393,132,393,131,261,RA_CUSTOMER_TRX_ALL,131
394,132,394,131,261,RA_CUSTOMER_TRX_ALL,131
395,133,395,132,263,RA_CUSTOMER_TRX_ALL,132
396,133,396,132,263,RA_CUSTOMER_TRX_ALL,132
397,133,397,132,263,RA_CUSTOMER_TRX_ALL,132
398,134,398,133,265,RA_CUSTOMER_TRX_ALL,133
399,134,399,133,265,RA_CUSTOMER_TRX_ALL,133
400,134,400,133,265,RA_CUSTOMER_TRX_ALL,133
401,135,401,134,267,RA_CUSTOMER_TRX_ALL,134
402,135,402,134,267,RA_CUSTOMER_TRX_ALL,134
403,135,403,134,267,RA_CUSTOMER_TRX_ALL,134
404,136,404,135,269,RA_CUSTOMER_TRX_ALL,135
405,136,405,135,269,RA_CUSTOMER_TRX_ALL,135
406,136,406,135,269,RA_CUSTOMER_TRX_ALL,135
407,137,407,136,271,RA_CUSTOMER_TRX_ALL,136
408,137,408,136,271,RA_CUSTOMER_TRX_ALL,136
409,137,409,136,271,RA_CUSTOMER_TRX_ALL,136
410,138,410,137,273,RA_CUSTOMER_TRX_ALL,137
411,138,411,137,273,RA_CUSTOMER_TRX_ALL,137
412,138,412,137,273,RA_CUSTOMER_TRX_ALL,137
413,139,413,138,275,RA_CUSTOMER_TRX_ALL,138
414,139,414,138,275,RA_CUSTOMER_TRX_ALL,138
415,139,415,138,275,RA_CUSTOMER_TRX_ALL,138
416,140,416,139,277,RA_CUSTOMER_TRX_ALL,139
417,140,417,139,277,RA_CUSTOMER_TRX_ALL,139
418,140,418,139,277,RA_CUSTOMER_TRX_ALL,139
419,141,419,140,279,RA_CUSTOMER_TRX_ALL,140
420,141,420,140,279,RA_CUSTOMER_TRX_ALL,140
421,141,421,140,279,RA_CUSTOMER_TRX_ALL,140
422,142,422,141,281,RA_CUSTOMER_TRX_ALL,141
423,142,423,141,281,RA_CUSTOMER_TRX_ALL,141
424,142,424,141,281,RA_CUSTOMER_TRX_ALL,141
425,143,425,142,283,RA_CUSTOMER_TRX_ALL,142
426,143,426,142,283,RA_CUSTOMER_TRX_ALL,142
427,143,427,142,283,RA_CUSTOMER_TRX_ALL,142
428,144,428,143,285,RA_CUSTOMER_TRX_ALL,143
429,144,429,143,285,RA_CUSTOMER_TRX_ALL,143
430,144,430,143,285,RA_CUSTOMER_TRX_ALL,143
431,145,431,144,287,RA_CUSTOMER_TRX_ALL,144
432,145,432,144,287,RA_CUSTOMER_TRX_ALL,144
433,145,433,144,287,RA_CUSTOMER_TRX_ALL,144
434,146,434,145,289,RA_CUSTOMER_TRX_ALL,145
435,146,435,145,289,RA_CUSTOMER_TRX_ALL,145
436,146,436,145,289,RA_CUSTOMER_TRX_ALL,145
437,147,437,146,291,RA_CUSTOMER_TRX_ALL,146
438,147,438,146,291,RA_CUSTOMER_TRX_ALL,146
439,147,439,146,291,RA_CUSTOMER_TRX_ALL,146
440,148,440,147,293,RA_CUSTOMER_TRX_ALL,147
441,148,441,147,293,RA_CUSTOMER_TRX_ALL,147
442,148,442,147,293,RA_CUSTOMER_TRX_ALL,147
443,149,443,148,295,RA_CUSTOMER_TRX_ALL,148
444,149,444,148,295,RA_CUSTOMER_TRX_ALL,148
445,149,445,148,295,RA_CUSTOMER_TRX_ALL,148
446,150,446,149,297,RA_CUSTOMER_TRX_ALL,149
447,150,447,149,297,RA_CUSTOMER_TRX_ALL,149
448,150,448,149,297,RA_CUSTOMER_TRX_ALL,149
449,151,449,150,299,RA_CUSTOMER_TRX_ALL,150
450,151,450,150,299,RA_CUSTOMER_TRX_ALL,150
451,151,451,150,299,RA_CUSTOMER_TRX_ALL,150
452,152,452,151,301,RA_CUSTOMER_TRX_ALL,151
453,152,453,151,301,RA_CUSTOMER_TRX_ALL,151
454,152,454,151,301,RA_CUSTOMER_TRX_ALL,151
455,153,455,152,303,RA_CUSTOMER_TRX_ALL,152
456,153,456,152,303,RA_CUSTOMER_TRX_ALL,152
457,153,457,152,303,RA_CUSTOMER_TRX_ALL,152
458,154,458,153,305,RA_CUSTOMER_TRX_ALL,153
459,154,459,153,305,RA_CUSTOMER_TRX_ALL,153
460,154,460,153,305,RA_CUSTOMER_TRX_ALL,153
461,155,461,154,307,RA_CUSTOMER_TRX_ALL,154
462,155,462,154,307,RA_CUSTOMER_TRX_ALL,154
463,155,463,154,307,RA_CUSTOMER_TRX_ALL,154
464,156,464,155,309,RA_CUSTOMER_TRX_ALL,155
465,156,465,155,309,RA_CUSTOMER_TRX_ALL,155
466,156,466,155,309,RA_CUSTOMER_TRX_ALL,155
467,157,467,156,311,RA_CUSTOMER_TRX_ALL,156
468,157,468,156,311,RA_CUSTOMER_TRX_ALL,156
469,157,469,156,311,RA_CUSTOMER_TRX_ALL,156
470,158,470,157,313,RA_CUSTOMER_TRX_ALL,157
471,158,471,157,313,RA_CUSTOMER_TRX_ALL,157
472,158,472,157,313,RA_CUSTOMER_TRX_ALL,157
473,159,473,158,315,RA_CUSTOMER_TRX_ALL,158
474,159,474,158,315,RA_CUSTOMER_TRX_ALL,158
475,159,475,158,315,RA_CUSTOMER_TRX_ALL,158
476,160,476,159,317,RA_CUSTOMER_TRX_ALL,159
477,160,477,159,317,RA_CUSTOMER_TRX_ALL,159
478,160,478,159,317,RA_CUSTOMER_TRX_ALL,159
479,161,479,160,319,RA_CUSTOMER_TRX_ALL,160
480,161,480,160,319,RA_CUSTOMER_TRX_ALL,160
481,161,481,160,319,RA_CUSTOMER_TRX_ALL,160
482,162,482,161,321,RA_CUSTOMER_TRX_ALL,161
483,162,483,161,321,RA_CUSTOMER_TRX_ALL,161
484,162,484,161,321,RA_CUSTOMER_TRX_ALL,161
485,163,485,162,323,RA_CUSTOMER_TRX_ALL,162
486,163,486,162,323,RA_CUSTOMER_TRX_ALL,162
487,163,487,162,323,RA_CUSTOMER_TRX_ALL,162
488,164,488,163,325,RA_CUSTOMER_TRX_ALL,163
489,164,489,163,325,RA_CUSTOMER_TRX_ALL,163
490,164,490,163,325,RA_CUSTOMER_TRX_ALL,163
491,165,491,164,327,RA_CUSTOMER_TRX_ALL,164
492,165,492,164,327,RA_CUSTOMER_TRX_ALL,164
493,165,493,164,327,RA_CUSTOMER_TRX_ALL,164
494,166,494,165,329,RA_CUSTOMER_TRX_ALL,165
495,166,495,165,329,RA_CUSTOMER_TRX_ALL,165
496,166,496,165,329,RA_CUSTOMER_TRX_ALL,165
497,167,497,166,331,RA_CUSTOMER_TRX_ALL,166
498,167,498,166,331,RA_CUSTOMER_TRX_ALL,166
499,167,499,166,331,RA_CUSTOMER_TRX_ALL,166
500,168,500,167,333,RA_CUSTOMER_TRX_ALL,167
501,168,501,167,333,RA_CUSTOMER_TRX_ALL,167
502,168,502,167,333,RA_CUSTOMER_TRX_ALL,167
503,169,503,168,335,RA_CUSTOMER_TRX_ALL,168
504,169,504,168,335,RA_CUSTOMER_TRX_ALL,168
505,169,505,168,335,RA_CUSTOMER_TRX_ALL,168
506,170,506,169,337,RA_CUSTOMER_TRX_ALL,169
507,170,507,169,337,RA_CUSTOMER_TRX_ALL,169
508,170,508,169,337,RA_CUSTOMER_TRX_ALL,169
509,171,509,170,339,RA_CUSTOMER_TRX_ALL,170
510,171,510,170,339,RA_CUSTOMER_TRX_ALL,170
511,171,511,170,339,RA_CUSTOMER_TRX_ALL,170
512,172,512,171,341,RA_CUSTOMER_TRX_ALL,171
513,172,513,171,341,RA_CUSTOMER_TRX_ALL,171
514,172,514,171,341,RA_CUSTOMER_TRX_ALL,171
515,173,515,172,343,RA_CUSTOMER_TRX_ALL,172
516,173,516,172,343,RA_CUSTOMER_TRX_ALL,172
517,173,517,172,343,RA_CUSTOMER_TRX_ALL,172
518,174,518,173,345,RA_CUSTOMER_TRX_ALL,173
519,174,519,173,345,RA_CUSTOMER_TRX_ALL,173
520,174,520,173,345,RA_CUSTOMER_TRX_ALL,173
521,175,521,174,347,RA_CUSTOMER_TRX_ALL,174
522,175,522,174,347,RA_CUSTOMER_TRX_ALL,174
523,175,523,174,347,RA_CUSTOMER_TRX_ALL,174
524,176,524,175,349,RA_CUSTOMER_TRX_ALL,175
525,176,525,175,349,RA_CUSTOMER_TRX_ALL,175
526,176,526,175,349,RA_CUSTOMER_TRX_ALL,175
527,177,527,176,351,RA_CUSTOMER_TRX_ALL,176
528,177,528,176,351,RA_CUSTOMER_TRX_ALL,176
529,177,529,176,351,RA_CUSTOMER_TRX_ALL,176
530,178,530,177,353,RA_CUSTOMER_TRX_ALL,177
531,178,531,177,353,RA_CUSTOMER_TRX_ALL,177
532,178,532,177,353,RA_CUSTOMER_TRX_ALL,177
533,179,533,178,355,RA_CUSTOMER_TRX_ALL,178
534,179,534,178,355,RA_CUSTOMER_TRX_ALL,178
535,179,535,178,355,RA_CUSTOMER_TRX_ALL,178
536,180,536,179,357,RA_CUSTOMER_TRX_ALL,179
537,180,537,179,357,RA_CUSTOMER_TRX_ALL,179
538,180,538,179,357,RA_CUSTOMER_TRX_ALL,179
539,181,539,180,359,RA_CUSTOMER_TRX_ALL,180
540,181,540,180,359,RA_CUSTOMER_TRX_ALL,180
541,181,541,180,359,RA_CUSTOMER_TRX_ALL,180
542,182,542,181,361,RA_CUSTOMER_TRX_ALL,181
543,182,543,181,361,RA_CUSTOMER_TRX_ALL,181
544,182,544,181,361,RA_CUSTOMER_TRX_ALL,181
545,183,545,182,363,RA_CUSTOMER_TRX_ALL,182
546,183,546,182,363,RA_CUSTOMER_TRX_ALL,182
547,183,547,182,363,RA_CUSTOMER_TRX_ALL,182
548,184,548,183,365,RA_CUSTOMER_TRX_ALL,183
549,184,549,183,365,RA_CUSTOMER_TRX_ALL,183
550,184,550,183,365,RA_CUSTOMER_TRX_ALL,183
551,185,551,184,367,RA_CUSTOMER_TRX_ALL,184
552,185,552,184,367,RA_CUSTOMER_TRX_ALL,184
553,185,553,184,367,RA_CUSTOMER_TRX_ALL,184
554,186,554,185,369,RA_CUSTOMER_TRX_ALL,185
555,186,555,185,369,RA_CUSTOMER_TRX_ALL,185
556,186,556,185,369,RA_CUSTOMER_TRX_ALL,185
557,187,557,186,371,RA_CUSTOMER_TRX_ALL,186
558,187,558,186,371,RA_CUSTOMER_TRX_ALL,186
559,187,559,186,371,RA_CUSTOMER_TRX_ALL,186
560,188,560,187,373,RA_CUSTOMER_TRX_ALL,187
561,188,561,187,373,RA_CUSTOMER_TRX_ALL,187
562,188,562,187,373,RA_CUSTOMER_TRX_ALL,187
563,189,563,188,375,RA_CUSTOMER_TRX_ALL,188
564,189,564,188,375,RA_CUSTOMER_TRX_ALL,188
565,189,565,188,375,RA_CUSTOMER_TRX_ALL,188
566,190,566,189,377,RA_CUSTOMER_TRX_ALL,189
567,190,567,189,377,RA_CUSTOMER_TRX_ALL,189
568,190,568,189,377,RA_CUSTOMER_TRX_ALL,189
569,191,569,190,379,RA_CUSTOMER_TRX_ALL,190
570,191,570,190,379,RA_CUSTOMER_TRX_ALL,190
571,191,571,190,379,RA_CUSTOMER_TRX_ALL,190
572,192,572,191,381,RA_CUSTOMER_TRX_ALL,191
573,192,573,191,381,RA_CUSTOMER_TRX_ALL,191
574,192,574,191,381,RA_CUSTOMER_TRX_ALL,191
575,193,575,192,383,RA_CUSTOMER_TRX_ALL,192
576,193,576,192,383,RA_CUSTOMER_TRX_ALL,192
577,193,577,192,383,RA_CUSTOMER_TRX_ALL,192
578,194,578,193,385,RA_CUSTOMER_TRX_ALL,193
579,194,579,193,385,RA_CUSTOMER_TRX_ALL,193
580,194,580,193,385,RA_CUSTOMER_TRX_ALL,193
581,195,581,194,387,RA_CUSTOMER_TRX_ALL,194
582,195,582,194,387,RA_CUSTOMER_TRX_ALL,194
583,195,583,194,387,RA_CUSTOMER_TRX_ALL,194
584,196,584,195,389,RA_CUSTOMER_TRX_ALL,195
585,196,585,195,389,RA_CUSTOMER_TRX_ALL,195
586,196,586,195,389,RA_CUSTOMER_TRX_ALL,195
587,197,587,196,391,RA_CUSTOMER_TRX_ALL,196
588,197,588,196,391,RA_CUSTOMER_TRX_ALL,196
589,197,589,196,391,RA_CUSTOMER_TRX_ALL,196
590,198,590,197,393,RA_CUSTOMER_TRX_ALL,197
591,198,591,197,393,RA_CUSTOMER_TRX_ALL,197
592,198,592,197,393,RA_CUSTOMER_TRX_ALL,197
593,199,593,198,395,RA_CUSTOMER_TRX_ALL,198
594,199,594,198,395,RA_CUSTOMER_TRX_ALL,198
595,199,595,198,395,RA_CUSTOMER_TRX_ALL,198
596,200,596,199,397,RA_CUSTOMER_TRX_ALL,199
597,200,597,199,397,RA_CUSTOMER_TRX_ALL,199
598,200,598,199,397,RA_CUSTOMER_TRX_ALL,199
599,201,599,200,399,RA_CUSTOMER_TRX_ALL,200
600,201,600,200,399,RA_CUSTOMER_TRX_ALL,200
601,201,601,200,399,RA_CUSTOMER_TRX_ALL,200
602,202,602,201,401,RA_CUSTOMER_TRX_ALL,201
603,202,603,201,401,RA_CUSTOMER_TRX_ALL,201
604,202,604,201,401,RA_CUSTOMER_TRX_ALL,201
605,203,605,202,403,RA_CUSTOMER_TRX_ALL,202
606,203,606,202,403,RA_CUSTOMER_TRX_ALL,202
607,203,607,202,403,RA_CUSTOMER_TRX_ALL,202
608,204,608,203,405,RA_CUSTOMER_TRX_ALL,203
609,204,609,203,405,RA_CUSTOMER_TRX_ALL,203
610,204,610,203,405,RA_CUSTOMER_TRX_ALL,203
611,205,611,204,407,RA_CUSTOMER_TRX_ALL,204
612,205,612,204,407,RA_CUSTOMER_TRX_ALL,204
613,205,613,204,407,RA_CUSTOMER_TRX_ALL,204
614,206,614,205,409,RA_CUSTOMER_TRX_ALL,205
615,206,615,205,409,RA_CUSTOMER_TRX_ALL,205
616,206,616,205,409,RA_CUSTOMER_TRX_ALL,205
617,207,617,206,411,RA_CUSTOMER_TRX_ALL,206
618,207,618,206,411,RA_CUSTOMER_TRX_ALL,206
619,207,619,206,411,RA_CUSTOMER_TRX_ALL,206
620,208,620,207,413,RA_CUSTOMER_TRX_ALL,207
621,208,621,207,413,RA_CUSTOMER_TRX_ALL,207
622,208,622,207,413,RA_CUSTOMER_TRX_ALL,207
623,209,623,208,415,RA_CUSTOMER_TRX_ALL,208
624,209,624,208,415,RA_CUSTOMER_TRX_ALL,208
625,209,625,208,415,RA_CUSTOMER_TRX_ALL,208
626,210,626,209,417,RA_CUSTOMER_TRX_ALL,209
627,210,627,209,417,RA_CUSTOMER_TRX_ALL,209
628,210,628,209,417,RA_CUSTOMER_TRX_ALL,209
629,211,629,210,419,RA_CUSTOMER_TRX_ALL,210
630,211,630,210,419,RA_CUSTOMER_TRX_ALL,210
631,211,631,210,419,RA_CUSTOMER_TRX_ALL,210
632,212,632,211,421,RA_CUSTOMER_TRX_ALL,211
633,212,633,211,421,RA_CUSTOMER_TRX_ALL,211
634,212,634,211,421,RA_CUSTOMER_TRX_ALL,211
635,213,635,212,423,RA_CUSTOMER_TRX_ALL,212
636,213,636,212,423,RA_CUSTOMER_TRX_ALL,212
637,213,637,212,423,RA_CUSTOMER_TRX_ALL,212
638,214,638,213,425,RA_CUSTOMER_TRX_ALL,213
639,214,639,213,425,RA_CUSTOMER_TRX_ALL,213
640,214,640,213,425,RA_CUSTOMER_TRX_ALL,213
641,215,641,214,427,RA_CUSTOMER_TRX_ALL,214
642,215,642,214,427,RA_CUSTOMER_TRX_ALL,214
643,215,643,214,427,RA_CUSTOMER_TRX_ALL,214
644,216,644,215,429,RA_CUSTOMER_TRX_ALL,215
645,216,645,215,429,RA_CUSTOMER_TRX_ALL,215
646,216,646,215,429,RA_CUSTOMER_TRX_ALL,215
647,217,647,216,431,RA_CUSTOMER_TRX_ALL,216
648,217,648,216,431,RA_CUSTOMER_TRX_ALL,216
649,217,649,216,431,RA_CUSTOMER_TRX_ALL,216
650,218,650,217,433,RA_CUSTOMER_TRX_ALL,217
651,218,651,217,433,RA_CUSTOMER_TRX_ALL,217
652,218,652,217,433,RA_CUSTOMER_TRX_ALL,217
653,219,653,218,435,RA_CUSTOMER_TRX_ALL,218
654,219,654,218,435,RA_CUSTOMER_TRX_ALL,218
655,219,655,218,435,RA_CUSTOMER_TRX_ALL,218
656,220,656,219,437,RA_CUSTOMER_TRX_ALL,219
657,220,657,219,437,RA_CUSTOMER_TRX_ALL,219
658,220,658,219,437,RA_CUSTOMER_TRX_ALL,219
659,221,659,220,439,RA_CUSTOMER_TRX_ALL,220
660,221,660,220,439,RA_CUSTOMER_TRX_ALL,220
661,221,661,220,439,RA_CUSTOMER_TRX_ALL,220
662,222,662,221,441,RA_CUSTOMER_TRX_ALL,221
663,222,663,221,441,RA_CUSTOMER_TRX_ALL,221
664,222,664,221,441,RA_CUSTOMER_TRX_ALL,221
665,223,665,222,443,RA_CUSTOMER_TRX_ALL,222
666,223,666,222,443,RA_CUSTOMER_TRX_ALL,222
667,223,667,222,443,RA_CUSTOMER_TRX_ALL,222
668,224,668,223,445,RA_CUSTOMER_TRX_ALL,223
669,224,669,223,445,RA_CUSTOMER_TRX_ALL,223
670,224,670,223,445,RA_CUSTOMER_TRX_ALL,223
671,225,671,224,447,RA_CUSTOMER_TRX_ALL,224
672,225,672,224,447,RA_CUSTOMER_TRX_ALL,224
673,225,673,224,447,RA_CUSTOMER_TRX_ALL,224
674,226,674,225,449,RA_CUSTOMER_TRX_ALL,225
675,226,675,225,449,RA_CUSTOMER_TRX_ALL,225
676,226,676,225,449,RA_CUSTOMER_TRX_ALL,225
677,227,677,226,451,RA_CUSTOMER_TRX_ALL,226
678,227,678,226,451,RA_CUSTOMER_TRX_ALL,226
679,227,679,226,451,RA_CUSTOMER_TRX_ALL,226
680,228,680,227,453,RA_CUSTOMER_TRX_ALL,227
681,228,681,227,453,RA_CUSTOMER_TRX_ALL,227
682,228,682,227,453,RA_CUSTOMER_TRX_ALL,227
683,229,683,228,455,RA_CUSTOMER_TRX_ALL,228
684,229,684,228,455,RA_CUSTOMER_TRX_ALL,228
685,229,685,228,455,RA_CUSTOMER_TRX_ALL,228
686,230,686,229,457,RA_CUSTOMER_TRX_ALL,229
687,230,687,229,457,RA_CUSTOMER_TRX_ALL,229
688,230,688,229,457,RA_CUSTOMER_TRX_ALL,229
689,231,689,230,459,RA_CUSTOMER_TRX_ALL,230
690,231,690,230,459,RA_CUSTOMER_TRX_ALL,230
691,231,691,230,459,RA_CUSTOMER_TRX_ALL,230
692,232,692,231,461,RA_CUSTOMER_TRX_ALL,231
693,232,693,231,461,RA_CUSTOMER_TRX_ALL,231
694,232,694,231,461,RA_CUSTOMER_TRX_ALL,231
695,233,695,232,463,RA_CUSTOMER_TRX_ALL,232
696,233,696,232,463,RA_CUSTOMER_TRX_ALL,232
697,233,697,232,463,RA_CUSTOMER_TRX_ALL,232
698,234,698,233,465,RA_CUSTOMER_TRX_ALL,233
699,234,699,233,465,RA_CUSTOMER_TRX_ALL,233
700,234,700,233,465,RA_CUSTOMER_TRX_ALL,233
701,235,701,234,467,RA_CUSTOMER_TRX_ALL,234
702,235,702,234,467,RA_CUSTOMER_TRX_ALL,234
703,235,703,234,467,RA_CUSTOMER_TRX_ALL,234
704,236,704,235,469,RA_CUSTOMER_TRX_ALL,235
705,236,705,235,469,RA_CUSTOMER_TRX_ALL,235
706,236,706,235,469,RA_CUSTOMER_TRX_ALL,235
707,237,707,236,471,RA_CUSTOMER_TRX_ALL,236
708,237,708,236,471,RA_CUSTOMER_TRX_ALL,236
709,237,709,236,471,RA_CUSTOMER_TRX_ALL,236
710,238,710,237,473,RA_CUSTOMER_TRX_ALL,237
711,238,711,237,473,RA_CUSTOMER_TRX_ALL,237
712,238,712,237,473,RA_CUSTOMER_TRX_ALL,237
713,239,713,238,475,RA_CUSTOMER_TRX_ALL,238
714,239,714,238,475,RA_CUSTOMER_TRX_ALL,238
715,239,715,238,475,RA_CUSTOMER_TRX_ALL,238
716,240,716,239,477,RA_CUSTOMER_TRX_ALL,239
717,240,717,239,477,RA_CUSTOMER_TRX_ALL,239
718,240,718,239,477,RA_CUSTOMER_TRX_ALL,239
719,241,719,240,479,RA_CUSTOMER_TRX_ALL,240
720,241,720,240,479,RA_CUSTOMER_TRX_ALL,240
721,241,721,240,479,RA_CUSTOMER_TRX_ALL,240
722,242,722,241,481,RA_CUSTOMER_TRX_ALL,241
723,242,723,241,481,RA_CUSTOMER_TRX_ALL,241
724,242,724,241,481,RA_CUSTOMER_TRX_ALL,241
725,243,725,242,483,RA_CUSTOMER_TRX_ALL,242
726,243,726,242,483,RA_CUSTOMER_TRX_ALL,242
727,243,727,242,483,RA_CUSTOMER_TRX_ALL,242
728,244,728,243,485,RA_CUSTOMER_TRX_ALL,243
729,244,729,243,485,RA_CUSTOMER_TRX_ALL,243
730,244,730,243,485,RA_CUSTOMER_TRX_ALL,243
731,245,731,244,487,RA_CUSTOMER_TRX_ALL,244
732,245,732,244,487,RA_CUSTOMER_TRX_ALL,244
733,245,733,244,487,RA_CUSTOMER_TRX_ALL,244
734,246,734,245,489,RA_CUSTOMER_TRX_ALL,245
735,246,735,245,489,RA_CUSTOMER_TRX_ALL,245
736,246,736,245,489,RA_CUSTOMER_TRX_ALL,245
737,247,737,246,491,RA_CUSTOMER_TRX_ALL,246
738,247,738,246,491,RA_CUSTOMER_TRX_ALL,246
739,247,739,246,491,RA_CUSTOMER_TRX_ALL,246
740,248,740,247,493,RA_CUSTOMER_TRX_ALL,247
741,248,741,247,493,RA_CUSTOMER_TRX_ALL,247
742,248,742,247,493,RA_CUSTOMER_TRX_ALL,247
743,249,743,248,495,RA_CUSTOMER_TRX_ALL,248
744,249,744,248,495,RA_CUSTOMER_TRX_ALL,248
745,249,745,248,495,RA_CUSTOMER_TRX_ALL,248
746,250,746,249,497,RA_CUSTOMER_TRX_ALL,249
747,250,747,249,497,RA_CUSTOMER_TRX_ALL,249
748,250,748,249,497,RA_CUSTOMER_TRX_ALL,249
749,251,749,250,499,RA_CUSTOMER_TRX_ALL,250
750,251,750,250,499,RA_CUSTOMER_TRX_ALL,250
751,251,751,250,499,RA_CUSTOMER_TRX_ALL,250
752,252,752,251,501,RA_CUSTOMER_TRX_ALL,251
753,252,753,251,501,RA_CUSTOMER_TRX_ALL,251
754,252,754,251,501,RA_CUSTOMER_TRX_ALL,251
755,253,755,252,503,RA_CUSTOMER_TRX_ALL,252
756,253,756,252,503,RA_CUSTOMER_TRX_ALL,252
757,253,757,252,503,RA_CUSTOMER_TRX_ALL,252
758,254,758,253,505,RA_CUSTOMER_TRX_ALL,253
759,254,759,253,505,RA_CUSTOMER_TRX_ALL,253
760,254,760,253,505,RA_CUSTOMER_TRX_ALL,253
761,255,761,254,507,RA_CUSTOMER_TRX_ALL,254
762,255,762,254,507,RA_CUSTOMER_TRX_ALL,254
763,255,763,254,507,RA_CUSTOMER_TRX_ALL,254
764,256,764,255,509,RA_CUSTOMER_TRX_ALL,255
765,256,765,255,509,RA_CUSTOMER_TRX_ALL,255
766,256,766,255,509,RA_CUSTOMER_TRX_ALL,255
767,257,767,256,511,RA_CUSTOMER_TRX_ALL,256
768,257,768,256,511,RA_CUSTOMER_TRX_ALL,256
769,257,769,256,511,RA_CUSTOMER_TRX_ALL,256
770,258,770,257,513,RA_CUSTOMER_TRX_ALL,257
771,258,771,257,513,RA_CUSTOMER_TRX_ALL,257
772,258,772,257,513,RA_CUSTOMER_TRX_ALL,257
773,259,773,258,515,RA_CUSTOMER_TRX_ALL,258
774,259,774,258,515,RA_CUSTOMER_TRX_ALL,258
775,259,775,258,515,RA_CUSTOMER_TRX_ALL,258
776,260,776,259,517,RA_CUSTOMER_TRX_ALL,259
777,260,777,259,517,RA_CUSTOMER_TRX_ALL,259
778,260,778,259,517,RA_CUSTOMER_TRX_ALL,259
779,261,779,260,519,RA_CUSTOMER_TRX_ALL,260
780,261,780,260,519,RA_CUSTOMER_TRX_ALL,260
781,261,781,260,519,RA_CUSTOMER_TRX_ALL,260
782,262,782,261,521,RA_CUSTOMER_TRX_ALL,261
783,262,783,261,521,RA_CUSTOMER_TRX_ALL,261
784,262,784,261,521,RA_CUSTOMER_TRX_ALL,261
785,263,785,262,523,RA_CUSTOMER_TRX_ALL,262
786,263,786,262,523,RA_CUSTOMER_TRX_ALL,262
787,263,787,262,523,RA_CUSTOMER_TRX_ALL,262
788,264,788,263,525,RA_CUSTOMER_TRX_ALL,263
789,264,789,263,525,RA_CUSTOMER_TRX_ALL,263
790,264,790,263,525,RA_CUSTOMER_TRX_ALL,263
791,265,791,264,527,RA_CUSTOMER_TRX_ALL,264
792,265,792,264,527,RA_CUSTOMER_TRX_ALL,264
793,265,793,264,527,RA_CUSTOMER_TRX_ALL,264
794,266,794,265,529,RA_CUSTOMER_TRX_ALL,265
795,266,795,265,529,RA_CUSTOMER_TRX_ALL,265
796,266,796,265,529,RA_CUSTOMER_TRX_ALL,265
797,267,797,266,531,RA_CUSTOMER_TRX_ALL,266
798,267,798,266,531,RA_CUSTOMER_TRX_ALL,266
799,267,799,266,531,RA_CUSTOMER_TRX_ALL,266
800,268,800,267,533,RA_CUSTOMER_TRX_ALL,267
801,268,801,267,533,RA_CUSTOMER_TRX_ALL,267
802,268,802,267,533,RA_CUSTOMER_TRX_ALL,267
803,269,803,268,535,RA_CUSTOMER_TRX_ALL,268
804,269,804,268,535,RA_CUSTOMER_TRX_ALL,268
805,269,805,268,535,RA_CUSTOMER_TRX_ALL,268
806,270,806,269,537,RA_CUSTOMER_TRX_ALL,269
807,270,807,269,537,RA_CUSTOMER_TRX_ALL,269
808,270,808,269,537,RA_CUSTOMER_TRX_ALL,269
809,271,809,270,539,RA_CUSTOMER_TRX_ALL,270
810,271,810,270,539,RA_CUSTOMER_TRX_ALL,270
811,271,811,270,539,RA_CUSTOMER_TRX_ALL,270
812,272,812,271,541,RA_CUSTOMER_TRX_ALL,271
813,272,813,271,541,RA_CUSTOMER_TRX_ALL,271
814,272,814,271,541,RA_CUSTOMER_TRX_ALL,271
815,273,815,272,543,RA_CUSTOMER_TRX_ALL,272
816,273,816,272,543,RA_CUSTOMER_TRX_ALL,272
817,273,817,272,543,RA_CUSTOMER_TRX_ALL,272
818,274,818,273,545,RA_CUSTOMER_TRX_ALL,273
819,274,819,273,545,RA_CUSTOMER_TRX_ALL,273
820,274,820,273,545,RA_CUSTOMER_TRX_ALL,273
821,275,821,274,547,RA_CUSTOMER_TRX_ALL,274
822,275,822,274,547,RA_CUSTOMER_TRX_ALL,274
823,275,823,274,547,RA_CUSTOMER_TRX_ALL,274
824,276,824,275,549,RA_CUSTOMER_TRX_ALL,275
825,276,825,275,549,RA_CUSTOMER_TRX_ALL,275
826,276,826,275,549,RA_CUSTOMER_TRX_ALL,275
827,277,827,276,551,RA_CUSTOMER_TRX_ALL,276
828,277,828,276,551,RA_CUSTOMER_TRX_ALL,276
829,277,829,276,551,RA_CUSTOMER_TRX_ALL,276
830,278,830,277,553,RA_CUSTOMER_TRX_ALL,277
831,278,831,277,553,RA_CUSTOMER_TRX_ALL,277
832,278,832,277,553,RA_CUSTOMER_TRX_ALL,277
833,279,833,278,555,RA_CUSTOMER_TRX_ALL,278
834,279,834,278,555,RA_CUSTOMER_TRX_ALL,278
835,279,835,278,555,RA_CUSTOMER_TRX_ALL,278
836,280,836,279,557,RA_CUSTOMER_TRX_ALL,279
837,280,837,279,557,RA_CUSTOMER_TRX_ALL,279
838,280,838,279,557,RA_CUSTOMER_TRX_ALL,279
839,281,839,280,559,RA_CUSTOMER_TRX_ALL,280
840,281,840,280,559,RA_CUSTOMER_TRX_ALL,280
841,281,841,280,559,RA_CUSTOMER_TRX_ALL,280
842,282,842,281,561,RA_CUSTOMER_TRX_ALL,281
843,282,843,281,561,RA_CUSTOMER_TRX_ALL,281
844,282,844,281,561,RA_CUSTOMER_TRX_ALL,281
845,283,845,282,563,RA_CUSTOMER_TRX_ALL,282
846,283,846,282,563,RA_CUSTOMER_TRX_ALL,282
847,283,847,282,563,RA_CUSTOMER_TRX_ALL,282
848,284,848,283,565,RA_CUSTOMER_TRX_ALL,283
849,284,849,283,565,RA_CUSTOMER_TRX_ALL,283
850,284,850,283,565,RA_CUSTOMER_TRX_ALL,283
851,285,851,284,567,RA_CUSTOMER_TRX_ALL,284
852,285,852,284,567,RA_CUSTOMER_TRX_ALL,284
853,285,853,284,567,RA_CUSTOMER_TRX_ALL,284
854,286,854,285,569,RA_CUSTOMER_TRX_ALL,285
855,286,855,285,569,RA_CUSTOMER_TRX_ALL,285
856,286,856,285,569,RA_CUSTOMER_TRX_ALL,285
857,287,857,286,571,RA_CUSTOMER_TRX_ALL,286
858,287,858,286,571,RA_CUSTOMER_TRX_ALL,286
859,287,859,286,571,RA_CUSTOMER_TRX_ALL,286
860,288,860,287,573,RA_CUSTOMER_TRX_ALL,287
861,288,861,287,573,RA_CUSTOMER_TRX_ALL,287
862,288,862,287,573,RA_CUSTOMER_TRX_ALL,287
863,289,863,288,575,RA_CUSTOMER_TRX_ALL,288
864,289,864,288,575,RA_CUSTOMER_TRX_ALL,288
865,289,865,288,575,RA_CUSTOMER_TRX_ALL,288
866,290,866,289,577,RA_CUSTOMER_TRX_ALL,289
867,290,867,289,577,RA_CUSTOMER_TRX_ALL,289
868,290,868,289,577,RA_CUSTOMER_TRX_ALL,289
869,291,869,290,579,RA_CUSTOMER_TRX_ALL,290
870,291,870,290,579,RA_CUSTOMER_TRX_ALL,290
871,291,871,290,579,RA_CUSTOMER_TRX_ALL,290
872,292,872,291,581,RA_CUSTOMER_TRX_ALL,291
873,292,873,291,581,RA_CUSTOMER_TRX_ALL,291
874,292,874,291,581,RA_CUSTOMER_TRX_ALL,291
875,293,875,292,583,RA_CUSTOMER_TRX_ALL,292
876,293,876,292,583,RA_CUSTOMER_TRX_ALL,292
877,293,877,292,583,RA_CUSTOMER_TRX_ALL,292
878,294,878,293,585,RA_CUSTOMER_TRX_ALL,293
879,294,879,293,585,RA_CUSTOMER_TRX_ALL,293
880,294,880,293,585,RA_CUSTOMER_TRX_ALL,293
881,295,881,294,587,RA_CUSTOMER_TRX_ALL,294
882,295,882,294,587,RA_CUSTOMER_TRX_ALL,294
883,295,883,294,587,RA_CUSTOMER_TRX_ALL,294
884,296,884,295,589,RA_CUSTOMER_TRX_ALL,295
885,296,885,295,589,RA_CUSTOMER_TRX_ALL,295
886,296,886,295,589,RA_CUSTOMER_TRX_ALL,295
887,297,887,296,591,RA_CUSTOMER_TRX_ALL,296
888,297,888,296,591,RA_CUSTOMER_TRX_ALL,296
889,297,889,296,591,RA_CUSTOMER_TRX_ALL,296
890,298,890,297,593,RA_CUSTOMER_TRX_ALL,297
891,298,891,297,593,RA_CUSTOMER_TRX_ALL,297
892,298,892,297,593,RA_CUSTOMER_TRX_ALL,297
893,299,893,298,595,RA_CUSTOMER_TRX_ALL,298
894,299,894,298,595,RA_CUSTOMER_TRX_ALL,298
895,299,895,298,595,RA_CUSTOMER_TRX_ALL,298
896,300,896,299,597,RA_CUSTOMER_TRX_ALL,299
897,300,897,299,597,RA_CUSTOMER_TRX_ALL,299
898,300,898,299,597,RA_CUSTOMER_TRX_ALL,299
899,301,899,300,599,RA_CUSTOMER_TRX_ALL,300
900,301,900,300,599,RA_CUSTOMER_TRX_ALL,300
901,301,901,300,599,RA_CUSTOMER_TRX_ALL,300
902,302,902,301,601,RA_CUSTOMER_TRX_ALL,301
903,302,903,301,601,RA_CUSTOMER_TRX_ALL,301
904,302,904,301,601,RA_CUSTOMER_TRX_ALL,301
905,303,905,302,603,RA_CUSTOMER_TRX_ALL,302
906,303,906,302,603,RA_CUSTOMER_TRX_ALL,302
907,303,907,302,603,RA_CUSTOMER_TRX_ALL,302
908,304,908,303,605,RA_CUSTOMER_TRX_ALL,303
909,304,909,303,605,RA_CUSTOMER_TRX_ALL,303
910,304,910,303,605,RA_CUSTOMER_TRX_ALL,303
911,305,911,304,607,RA_CUSTOMER_TRX_ALL,304
912,305,912,304,607,RA_CUSTOMER_TRX_ALL,304
913,305,913,304,607,RA_CUSTOMER_TRX_ALL,304
914,306,914,305,609,RA_CUSTOMER_TRX_ALL,305
915,306,915,305,609,RA_CUSTOMER_TRX_ALL,305
916,306,916,305,609,RA_CUSTOMER_TRX_ALL,305
917,307,917,306,611,RA_CUSTOMER_TRX_ALL,306
918,307,918,306,611,RA_CUSTOMER_TRX_ALL,306
919,307,919,306,611,RA_CUSTOMER_TRX_ALL,306
920,308,920,307,613,RA_CUSTOMER_TRX_ALL,307
921,308,921,307,613,RA_CUSTOMER_TRX_ALL,307
922,308,922,307,613,RA_CUSTOMER_TRX_ALL,307
923,309,923,308,615,RA_CUSTOMER_TRX_ALL,308
924,309,924,308,615,RA_CUSTOMER_TRX_ALL,308
925,309,925,308,615,RA_CUSTOMER_TRX_ALL,308
926,310,926,309,617,RA_CUSTOMER_TRX_ALL,309
927,310,927,309,617,RA_CUSTOMER_TRX_ALL,309
928,310,928,309,617,RA_CUSTOMER_TRX_ALL,309
929,311,929,310,619,RA_CUSTOMER_TRX_ALL,310
930,311,930,310,619,RA_CUSTOMER_TRX_ALL,310
931,311,931,310,619,RA_CUSTOMER_TRX_ALL,310
932,312,932,311,621,RA_CUSTOMER_TRX_ALL,311
933,312,933,311,621,RA_CUSTOMER_TRX_ALL,311
934,312,934,311,621,RA_CUSTOMER_TRX_ALL,311
935,313,935,312,623,RA_CUSTOMER_TRX_ALL,312
936,313,936,312,623,RA_CUSTOMER_TRX_ALL,312
937,313,937,312,623,RA_CUSTOMER_TRX_ALL,312
938,314,938,313,625,RA_CUSTOMER_TRX_ALL,313
939,314,939,313,625,RA_CUSTOMER_TRX_ALL,313
940,314,940,313,625,RA_CUSTOMER_TRX_ALL,313
941,315,941,314,627,RA_CUSTOMER_TRX_ALL,314
942,315,942,314,627,RA_CUSTOMER_TRX_ALL,314
943,315,943,314,627,RA_CUSTOMER_TRX_ALL,314
944,316,944,315,629,RA_CUSTOMER_TRX_ALL,315
945,316,945,315,629,RA_CUSTOMER_TRX_ALL,315
946,316,946,315,629,RA_CUSTOMER_TRX_ALL,315
947,317,947,316,631,RA_CUSTOMER_TRX_ALL,316
948,317,948,316,631,RA_CUSTOMER_TRX_ALL,316
949,317,949,316,631,RA_CUSTOMER_TRX_ALL,316
950,318,950,317,633,RA_CUSTOMER_TRX_ALL,317
951,318,951,317,633,RA_CUSTOMER_TRX_ALL,317
952,318,952,317,633,RA_CUSTOMER_TRX_ALL,317
953,319,953,318,635,RA_CUSTOMER_TRX_ALL,318
954,319,954,318,635,RA_CUSTOMER_TRX_ALL,318
955,319,955,318,635,RA_CUSTOMER_TRX_ALL,318
956,320,956,319,637,RA_CUSTOMER_TRX_ALL,319
957,320,957,319,637,RA_CUSTOMER_TRX_ALL,319
958,320,958,319,637,RA_CUSTOMER_TRX_ALL,319
959,321,959,320,639,RA_CUSTOMER_TRX_ALL,320
960,321,960,320,639,RA_CUSTOMER_TRX_ALL,320
961,321,961,320,639,RA_CUSTOMER_TRX_ALL,320
962,322,962,321,641,RA_CUSTOMER_TRX_ALL,321
963,322,963,321,641,RA_CUSTOMER_TRX_ALL,321
964,322,964,321,641,RA_CUSTOMER_TRX_ALL,321
965,323,965,322,643,RA_CUSTOMER_TRX_ALL,322
966,323,966,322,643,RA_CUSTOMER_TRX_ALL,322
967,323,967,322,643,RA_CUSTOMER_TRX_ALL,322
968,324,968,323,645,RA_CUSTOMER_TRX_ALL,323
969,324,969,323,645,RA_CUSTOMER_TRX_ALL,323
970,324,970,323,645,RA_CUSTOMER_TRX_ALL,323
971,325,971,324,647,RA_CUSTOMER_TRX_ALL,324
972,325,972,324,647,RA_CUSTOMER_TRX_ALL,324
973,325,973,324,647,RA_CUSTOMER_TRX_ALL,324
974,326,974,325,649,RA_CUSTOMER_TRX_ALL,325
975,326,975,325,649,RA_CUSTOMER_TRX_ALL,325
976,326,976,325,649,RA_CUSTOMER_TRX_ALL,325
977,327,977,326,651,RA_CUSTOMER_TRX_ALL,326
978,327,978,326,651,RA_CUSTOMER_TRX_ALL,326
979,327,979,326,651,RA_CUSTOMER_TRX_ALL,326
980,328,980,327,653,RA_CUSTOMER_TRX_ALL,327
981,328,981,327,653,RA_CUSTOMER_TRX_ALL,327
982,328,982,327,653,RA_CUSTOMER_TRX_ALL,327
983,329,983,328,655,RA_CUSTOMER_TRX_ALL,328
984,329,984,328,655,RA_CUSTOMER_TRX_ALL,328
985,329,985,328,655,RA_CUSTOMER_TRX_ALL,328
986,330,986,329,657,RA_CUSTOMER_TRX_ALL,329
987,330,987,329,657,RA_CUSTOMER_TRX_ALL,329
988,330,988,329,657,RA_CUSTOMER_TRX_ALL,329
989,331,989,330,659,RA_CUSTOMER_TRX_ALL,330
990,331,990,330,659,RA_CUSTOMER_TRX_ALL,330
991,331,991,330,659,RA_CUSTOMER_TRX_ALL,330
992,332,992,331,661,RA_CUSTOMER_TRX_ALL,331
993,332,993,331,661,RA_CUSTOMER_TRX_ALL,331
994,332,994,331,661,RA_CUSTOMER_TRX_ALL,331
995,333,995,332,663,RA_CUSTOMER_TRX_ALL,332
996,333,996,332,663,RA_CUSTOMER_TRX_ALL,332
997,333,997,332,663,RA_CUSTOMER_TRX_ALL,332
998,334,998,333,665,RA_CUSTOMER_TRX_ALL,333
999,334,999,333,665,RA_CUSTOMER_TRX_ALL,333
1000,334,1000,333,665,RA_CUSTOMER_TRX_ALL,333
1001,335,1001,334,667,RA_CUSTOMER_TRX_ALL,334
1002,335,1002,334,667,RA_CUSTOMER_TRX_ALL,334
1003,335,1003,334,667,RA_CUSTOMER_TRX_ALL,334
1004,336,1004,335,669,RA_CUSTOMER_TRX_ALL,335
1005,336,1005,335,669,RA_CUSTOMER_TRX_ALL,335
1006,336,1006,335,669,RA_CUSTOMER_TRX_ALL,335
1007,337,1007,336,671,RA_CUSTOMER_TRX_ALL,336
1008,337,1008,336,671,RA_CUSTOMER_TRX_ALL,336
1009,337,1009,336,671,RA_CUSTOMER_TRX_ALL,336
1010,338,1010,337,673,RA_CUSTOMER_TRX_ALL,337
1011,338,1011,337,673,RA_CUSTOMER_TRX_ALL,337
1012,338,1012,337,673,RA_CUSTOMER_TRX_ALL,337
1013,339,1013,338,675,RA_CUSTOMER_TRX_ALL,338
1014,339,1014,338,675,RA_CUSTOMER_TRX_ALL,338
1015,339,1015,338,675,RA_CUSTOMER_TRX_ALL,338
1016,340,1016,339,677,RA_CUSTOMER_TRX_ALL,339
1017,340,1017,339,677,RA_CUSTOMER_TRX_ALL,339
1018,340,1018,339,677,RA_CUSTOMER_TRX_ALL,339
1019,341,1019,340,679,RA_CUSTOMER_TRX_ALL,340
1020,341,1020,340,679,RA_CUSTOMER_TRX_ALL,340
1021,341,1021,340,679,RA_CUSTOMER_TRX_ALL,340
1022,342,1022,341,681,RA_CUSTOMER_TRX_ALL,341
1023,342,1023,341,681,RA_CUSTOMER_TRX_ALL,341
1024,342,1024,341,681,RA_CUSTOMER_TRX_ALL,341
1025,343,1025,342,683,RA_CUSTOMER_TRX_ALL,342
1026,343,1026,342,683,RA_CUSTOMER_TRX_ALL,342
1027,343,1027,342,683,RA_CUSTOMER_TRX_ALL,342
1028,344,1028,343,685,RA_CUSTOMER_TRX_ALL,343
1029,344,1029,343,685,RA_CUSTOMER_TRX_ALL,343
1030,344,1030,343,685,RA_CUSTOMER_TRX_ALL,343
1031,345,1031,344,687,RA_CUSTOMER_TRX_ALL,344
1032,345,1032,344,687,RA_CUSTOMER_TRX_ALL,344
1033,345,1033,344,687,RA_CUSTOMER_TRX_ALL,344
1034,346,1034,345,689,RA_CUSTOMER_TRX_ALL,345
1035,346,1035,345,689,RA_CUSTOMER_TRX_ALL,345
1036,346,1036,345,689,RA_CUSTOMER_TRX_ALL,345
1037,347,1037,346,691,RA_CUSTOMER_TRX_ALL,346
1038,347,1038,346,691,RA_CUSTOMER_TRX_ALL,346
1039,347,1039,346,691,RA_CUSTOMER_TRX_ALL,346
1040,348,1040,347,693,RA_CUSTOMER_TRX_ALL,347
1041,348,1041,347,693,RA_CUSTOMER_TRX_ALL,347
1042,348,1042,347,693,RA_CUSTOMER_TRX_ALL,347
1043,349,1043,348,695,RA_CUSTOMER_TRX_ALL,348
1044,349,1044,348,695,RA_CUSTOMER_TRX_ALL,348
1045,349,1045,348,695,RA_CUSTOMER_TRX_ALL,348
1046,350,1046,349,697,RA_CUSTOMER_TRX_ALL,349
1047,350,1047,349,697,RA_CUSTOMER_TRX_ALL,349
1048,350,1048,349,697,RA_CUSTOMER_TRX_ALL,349
1049,351,1049,350,699,RA_CUSTOMER_TRX_ALL,350
1050,351,1050,350,699,RA_CUSTOMER_TRX_ALL,350
1051,351,1051,350,699,RA_CUSTOMER_TRX_ALL,350
1052,352,1052,351,701,RA_CUSTOMER_TRX_ALL,351
1053,352,1053,351,701,RA_CUSTOMER_TRX_ALL,351
1054,352,1054,351,701,RA_CUSTOMER_TRX_ALL,351
1055,353,1055,352,703,RA_CUSTOMER_TRX_ALL,352
1056,353,1056,352,703,RA_CUSTOMER_TRX_ALL,352
1057,353,1057,352,703,RA_CUSTOMER_TRX_ALL,352
1058,354,1058,353,705,RA_CUSTOMER_TRX_ALL,353
1059,354,1059,353,705,RA_CUSTOMER_TRX_ALL,353
1060,354,1060,353,705,RA_CUSTOMER_TRX_ALL,353
1061,355,1061,354,707,RA_CUSTOMER_TRX_ALL,354
1062,355,1062,354,707,RA_CUSTOMER_TRX_ALL,354
1063,355,1063,354,707,RA_CUSTOMER_TRX_ALL,354
1064,356,1064,355,709,RA_CUSTOMER_TRX_ALL,355
1065,356,1065,355,709,RA_CUSTOMER_TRX_ALL,355
1066,356,1066,355,709,RA_CUSTOMER_TRX_ALL,355
1067,357,1067,356,711,RA_CUSTOMER_TRX_ALL,356
1068,357,1068,356,711,RA_CUSTOMER_TRX_ALL,356
1069,357,1069,356,711,RA_CUSTOMER_TRX_ALL,356
1070,358,1070,357,713,RA_CUSTOMER_TRX_ALL,357
1071,358,1071,357,713,RA_CUSTOMER_TRX_ALL,357
1072,358,1072,357,713,RA_CUSTOMER_TRX_ALL,357
1073,359,1073,358,715,RA_CUSTOMER_TRX_ALL,358
1074,359,1074,358,715,RA_CUSTOMER_TRX_ALL,358
1075,359,1075,358,715,RA_CUSTOMER_TRX_ALL,358
1076,360,1076,359,717,RA_CUSTOMER_TRX_ALL,359
1077,360,1077,359,717,RA_CUSTOMER_TRX_ALL,359
1078,360,1078,359,717,RA_CUSTOMER_TRX_ALL,359
1079,361,1079,360,719,RA_CUSTOMER_TRX_ALL,360
1080,361,1080,360,719,RA_CUSTOMER_TRX_ALL,360
1081,361,1081,360,719,RA_CUSTOMER_TRX_ALL,360
1082,362,1082,361,721,RA_CUSTOMER_TRX_ALL,361
1083,362,1083,361,721,RA_CUSTOMER_TRX_ALL,361
1084,362,1084,361,721,RA_CUSTOMER_TRX_ALL,361
1085,363,1085,362,723,RA_CUSTOMER_TRX_ALL,362
1086,363,1086,362,723,RA_CUSTOMER_TRX_ALL,362
1087,363,1087,362,723,RA_CUSTOMER_TRX_ALL,362
1088,364,1088,363,725,RA_CUSTOMER_TRX_ALL,363
1089,364,1089,363,725,RA_CUSTOMER_TRX_ALL,363
1090,364,1090,363,725,RA_CUSTOMER_TRX_ALL,363
1091,365,1091,364,727,RA_CUSTOMER_TRX_ALL,364
1092,365,1092,364,727,RA_CUSTOMER_TRX_ALL,364
1093,365,1093,364,727,RA_CUSTOMER_TRX_ALL,364
1094,366,1094,365,729,RA_CUSTOMER_TRX_ALL,365
1095,366,1095,365,729,RA_CUSTOMER_TRX_ALL,365
1096,366,1096,365,729,RA_CUSTOMER_TRX_ALL,365
1097,367,1097,366,731,RA_CUSTOMER_TRX_ALL,366
1098,367,1098,366,731,RA_CUSTOMER_TRX_ALL,366
1099,367,1099,366,731,RA_CUSTOMER_TRX_ALL,366
1100,368,1100,367,733,RA_CUSTOMER_TRX_ALL,367
1101,368,1101,367,733,RA_CUSTOMER_TRX_ALL,367
1102,368,1102,367,733,RA_CUSTOMER_TRX_ALL,367
1103,369,1103,368,735,RA_CUSTOMER_TRX_ALL,368
1104,369,1104,368,735,RA_CUSTOMER_TRX_ALL,368
1105,369,1105,368,735,RA_CUSTOMER_TRX_ALL,368
1106,370,1106,369,737,RA_CUSTOMER_TRX_ALL,369
1107,370,1107,369,737,RA_CUSTOMER_TRX_ALL,369
1108,370,1108,369,737,RA_CUSTOMER_TRX_ALL,369
1109,371,1109,370,739,RA_CUSTOMER_TRX_ALL,370
1110,371,1110,370,739,RA_CUSTOMER_TRX_ALL,370
1111,371,1111,370,739,RA_CUSTOMER_TRX_ALL,370
1112,372,1112,371,741,RA_CUSTOMER_TRX_ALL,371
1113,372,1113,371,741,RA_CUSTOMER_TRX_ALL,371
1114,372,1114,371,741,RA_CUSTOMER_TRX_ALL,371
1115,373,1115,372,743,RA_CUSTOMER_TRX_ALL,372
1116,373,1116,372,743,RA_CUSTOMER_TRX_ALL,372
1117,373,1117,372,743,RA_CUSTOMER_TRX_ALL,372
1118,374,1118,373,745,RA_CUSTOMER_TRX_ALL,373
1119,374,1119,373,745,RA_CUSTOMER_TRX_ALL,373
1120,374,1120,373,745,RA_CUSTOMER_TRX_ALL,373
1121,375,1121,374,747,RA_CUSTOMER_TRX_ALL,374
1122,375,1122,374,747,RA_CUSTOMER_TRX_ALL,374
1123,375,1123,374,747,RA_CUSTOMER_TRX_ALL,374
1124,376,1124,375,749,RA_CUSTOMER_TRX_ALL,375
1125,376,1125,375,749,RA_CUSTOMER_TRX_ALL,375
1126,376,1126,375,749,RA_CUSTOMER_TRX_ALL,375
1127,377,1127,376,751,RA_CUSTOMER_TRX_ALL,376
1128,377,1128,376,751,RA_CUSTOMER_TRX_ALL,376
1129,377,1129,376,751,RA_CUSTOMER_TRX_ALL,376
1130,378,1130,377,753,RA_CUSTOMER_TRX_ALL,377
1131,378,1131,377,753,RA_CUSTOMER_TRX_ALL,377
1132,378,1132,377,753,RA_CUSTOMER_TRX_ALL,377
1133,379,1133,378,755,RA_CUSTOMER_TRX_ALL,378
1134,379,1134,378,755,RA_CUSTOMER_TRX_ALL,378
1135,379,1135,378,755,RA_CUSTOMER_TRX_ALL,378
1136,380,1136,379,757,RA_CUSTOMER_TRX_ALL,379
1137,380,1137,379,757,RA_CUSTOMER_TRX_ALL,379
1138,380,1138,379,757,RA_CUSTOMER_TRX_ALL,379
1139,381,1139,380,759,RA_CUSTOMER_TRX_ALL,380
1140,381,1140,380,759,RA_CUSTOMER_TRX_ALL,380
1141,381,1141,380,759,RA_CUSTOMER_TRX_ALL,380
1142,382,1142,381,761,RA_CUSTOMER_TRX_ALL,381
1143,382,1143,381,761,RA_CUSTOMER_TRX_ALL,381
1144,382,1144,381,761,RA_CUSTOMER_TRX_ALL,381
1145,383,1145,382,763,RA_CUSTOMER_TRX_ALL,382
1146,383,1146,382,763,RA_CUSTOMER_TRX_ALL,382
1147,383,1147,382,763,RA_CUSTOMER_TRX_ALL,382
1148,384,1148,383,765,RA_CUSTOMER_TRX_ALL,383
1149,384,1149,383,765,RA_CUSTOMER_TRX_ALL,383
1150,384,1150,383,765,RA_CUSTOMER_TRX_ALL,383
1151,385,1151,384,767,RA_CUSTOMER_TRX_ALL,384
1152,385,1152,384,767,RA_CUSTOMER_TRX_ALL,384
1153,385,1153,384,767,RA_CUSTOMER_TRX_ALL,384
1154,386,1154,385,769,RA_CUSTOMER_TRX_ALL,385
1155,386,1155,385,769,RA_CUSTOMER_TRX_ALL,385
1156,386,1156,385,769,RA_CUSTOMER_TRX_ALL,385
1157,387,1157,386,771,RA_CUSTOMER_TRX_ALL,386
1158,387,1158,386,771,RA_CUSTOMER_TRX_ALL,386
1159,387,1159,386,771,RA_CUSTOMER_TRX_ALL,386
1160,388,1160,387,773,RA_CUSTOMER_TRX_ALL,387
1161,388,1161,387,773,RA_CUSTOMER_TRX_ALL,387
1162,388,1162,387,773,RA_CUSTOMER_TRX_ALL,387
1163,389,1163,388,775,RA_CUSTOMER_TRX_ALL,388
1164,389,1164,388,775,RA_CUSTOMER_TRX_ALL,388
1165,389,1165,388,775,RA_CUSTOMER_TRX_ALL,388
1166,390,1166,389,777,RA_CUSTOMER_TRX_ALL,389
1167,390,1167,389,777,RA_CUSTOMER_TRX_ALL,389
1168,390,1168,389,777,RA_CUSTOMER_TRX_ALL,389
1169,391,1169,390,779,RA_CUSTOMER_TRX_ALL,390
1170,391,1170,390,779,RA_CUSTOMER_TRX_ALL,390
1171,391,1171,390,779,RA_CUSTOMER_TRX_ALL,390
1172,392,1172,391,781,RA_CUSTOMER_TRX_ALL,391
1173,392,1173,391,781,RA_CUSTOMER_TRX_ALL,391
1174,392,1174,391,781,RA_CUSTOMER_TRX_ALL,391
1175,393,1175,392,783,RA_CUSTOMER_TRX_ALL,392
1176,393,1176,392,783,RA_CUSTOMER_TRX_ALL,392
1177,393,1177,392,783,RA_CUSTOMER_TRX_ALL,392
1178,394,1178,393,785,RA_CUSTOMER_TRX_ALL,393
1179,394,1179,393,785,RA_CUSTOMER_TRX_ALL,393
1180,394,1180,393,785,RA_CUSTOMER_TRX_ALL,393
1181,395,1181,394,787,RA_CUSTOMER_TRX_ALL,394
1182,395,1182,394,787,RA_CUSTOMER_TRX_ALL,394
1183,395,1183,394,787,RA_CUSTOMER_TRX_ALL,394
1184,396,1184,395,789,RA_CUSTOMER_TRX_ALL,395
1185,396,1185,395,789,RA_CUSTOMER_TRX_ALL,395
1186,396,1186,395,789,RA_CUSTOMER_TRX_ALL,395
1187,397,1187,396,791,RA_CUSTOMER_TRX_ALL,396
1188,397,1188,396,791,RA_CUSTOMER_TRX_ALL,396
1189,397,1189,396,791,RA_CUSTOMER_TRX_ALL,396
1190,398,1190,397,793,RA_CUSTOMER_TRX_ALL,397
1191,398,1191,397,793,RA_CUSTOMER_TRX_ALL,397
1192,398,1192,397,793,RA_CUSTOMER_TRX_ALL,397
1193,399,1193,398,795,RA_CUSTOMER_TRX_ALL,398
1194,399,1194,398,795,RA_CUSTOMER_TRX_ALL,398
1195,399,1195,398,795,RA_CUSTOMER_TRX_ALL,398
1196,400,1196,399,797,RA_CUSTOMER_TRX_ALL,399
1197,400,1197,399,797,RA_CUSTOMER_TRX_ALL,399
1198,400,1198,399,797,RA_CUSTOMER_TRX_ALL,399
1199,401,1199,400,799,RA_CUSTOMER_TRX_ALL,400
1200,401,1200,400,799,RA_CUSTOMER_TRX_ALL,400
1201,401,1201,400,799,RA_CUSTOMER_TRX_ALL,400
1202,402,1202,401,801,RA_CUSTOMER_TRX_ALL,401
1203,402,1203,401,801,RA_CUSTOMER_TRX_ALL,401
1204,402,1204,401,801,RA_CUSTOMER_TRX_ALL,401
1205,403,1205,402,803,RA_CUSTOMER_TRX_ALL,402
1206,403,1206,402,803,RA_CUSTOMER_TRX_ALL,402
1207,403,1207,402,803,RA_CUSTOMER_TRX_ALL,402
1208,404,1208,403,805,RA_CUSTOMER_TRX_ALL,403
1209,404,1209,403,805,RA_CUSTOMER_TRX_ALL,403
1210,404,1210,403,805,RA_CUSTOMER_TRX_ALL,403
1211,405,1211,404,807,RA_CUSTOMER_TRX_ALL,404
1212,405,1212,404,807,RA_CUSTOMER_TRX_ALL,404
1213,405,1213,404,807,RA_CUSTOMER_TRX_ALL,404
