location_id,province_name,city_name,district_name,address_line1,postal_code
200000001,广东省,深圳市,宝安区,广东省深圳市宝安区文一西路605号,542417
200000002,江苏省,苏州市,工业园区,江苏省苏州市工业园区文一西路390号,201414
200000003,广东省,深圳市,福田区,广东省深圳市福田区张江路465号,766563
200000004,广东省,深圳市,福田区,广东省深圳市福田区人民路275号,169403
200000005,浙江省,杭州市,西湖区,浙江省杭州市西湖区创新大道94号,892495
200000006,浙江省,杭州市,滨江区,浙江省杭州市滨江区科技南一道977号,857168
200000007,江苏省,苏州市,虎丘区,江苏省苏州市虎丘区建国路60号,352572
200000008,江苏省,苏州市,虎丘区,江苏省苏州市虎丘区创新大道124号,359947
200000009,浙江省,杭州市,滨江区,浙江省杭州市滨江区人民路195号,198907
200000010,浙江省,杭州市,余杭区,浙江省杭州市余杭区创新大道828号,997546
200000011,广东省,深圳市,宝安区,广东省深圳市宝安区科技南一道766号,428838
200000012,上海市,上海市,徐汇区,上海市上海市徐汇区高新南七道958号,373432
200000013,江苏省,苏州市,工业园区,江苏省苏州市工业园区建国路379号,398830
200000014,江苏省,苏州市,工业园区,江苏省苏州市工业园区张江路518号,612262
200000015,浙江省,杭州市,滨江区,浙江省杭州市滨江区星湖街43号,423232
200000016,江苏省,苏州市,虎丘区,江苏省苏州市虎丘区建国路274号,266931
200000017,广东省,深圳市,南山区,广东省深圳市南山区张江路183号,708792
200000018,广东省,深圳市,宝安区,广东省深圳市宝安区张江路520号,424308
200000019,上海市,上海市,徐汇区,上海市上海市徐汇区高新南七道477号,563246
200000020,广东省,深圳市,福田区,广东省深圳市福田区人民路908号,760356
200000021,北京市,北京市,丰台区,北京市北京市丰台区高新南七道973号,891937
200000022,浙江省,杭州市,滨江区,浙江省杭州市滨江区高新南七道328号,666390
200000023,江苏省,苏州市,虎丘区,江苏省苏州市虎丘区人民路874号,976325
200000024,广东省,深圳市,南山区,广东省深圳市南山区人民路139号,584125
200000025,广东省,深圳市,南山区,广东省深圳市南山区建国路205号,979995
200000026,江苏省,苏州市,吴中区,江苏省苏州市吴中区人民路407号,849747
200000027,北京市,北京市,朝阳区,北京市北京市朝阳区人民路984号,479781
200000028,北京市,北京市,海淀区,北京市北京市海淀区科技南一道507号,992288
200000029,广东省,深圳市,福田区,广东省深圳市福田区建国路415号,825391
200000030,北京市,北京市,海淀区,北京市北京市海淀区张江路103号,973074
200000031,北京市,北京市,海淀区,北京市北京市海淀区高新南七道189号,153872
200000032,北京市,北京市,海淀区,北京市北京市海淀区人民路313号,696251
200000033,江苏省,苏州市,吴中区,江苏省苏州市吴中区创新大道73号,820775
200000034,江苏省,苏州市,吴中区,江苏省苏州市吴中区人民路966号,385470
200000035,北京市,北京市,海淀区,北京市北京市海淀区星湖街600号,557058
200000036,北京市,北京市,丰台区,北京市北京市丰台区科技南一道674号,668950
200000037,上海市,上海市,闵行区,上海市上海市闵行区文一西路231号,982277
200000038,上海市,上海市,闵行区,上海市上海市闵行区科技南一道290号,861319
200000039,北京市,北京市,朝阳区,北京市北京市朝阳区高新南七道763号,595951
200000040,浙江省,杭州市,余杭区,浙江省杭州市余杭区创新大道801号,377896
200000041,广东省,深圳市,福田区,广东省深圳市福田区星湖街711号,414012
200000042,浙江省,杭州市,余杭区,浙江省杭州市余杭区创新大道654号,366314
200000043,江苏省,苏州市,吴中区,江苏省苏州市吴中区张江路717号,409571
200000044,广东省,深圳市,宝安区,广东省深圳市宝安区高新南七道750号,237795
200000045,浙江省,杭州市,余杭区,浙江省杭州市余杭区人民路991号,986827
200000046,上海市,上海市,闵行区,上海市上海市闵行区建国路664号,166287
200000047,浙江省,杭州市,滨江区,浙江省杭州市滨江区文一西路854号,613117
200000048,浙江省,杭州市,西湖区,浙江省杭州市西湖区科技南一道52号,925013
200000049,广东省,深圳市,宝安区,广东省深圳市宝安区科技南一道135号,115582
200000050,上海市,上海市,闵行区,上海市上海市闵行区创新大道659号,132663
200000051,上海市,上海市,闵行区,上海市上海市闵行区创新大道518号,734836
200000052,广东省,深圳市,南山区,广东省深圳市南山区人民路99号,880758
200000053,浙江省,杭州市,余杭区,浙江省杭州市余杭区高新南七道866号,683286
200000054,浙江省,杭州市,余杭区,浙江省杭州市余杭区人民路72号,248766
200000055,北京市,北京市,海淀区,北京市北京市海淀区创新大道425号,386436
200000056,江苏省,苏州市,虎丘区,江苏省苏州市虎丘区文一西路8号,621546
200000057,江苏省,苏州市,工业园区,江苏省苏州市工业园区创新大道852号,823108
200000058,浙江省,杭州市,余杭区,浙江省杭州市余杭区文一西路150号,368402
200000059,北京市,北京市,海淀区,北京市北京市海淀区张江路816号,388016
200000060,广东省,深圳市,福田区,广东省深圳市福田区建国路330号,734394
200000061,北京市,北京市,海淀区,北京市北京市海淀区高新南七道696号,726928
200000062,广东省,深圳市,福田区,广东省深圳市福田区人民路659号,930117
200000063,广东省,深圳市,宝安区,广东省深圳市宝安区科技南一道678号,453123
200000064,浙江省,杭州市,滨江区,浙江省杭州市滨江区创新大道926号,975679
200000065,上海市,上海市,浦东新区,上海市上海市浦东新区张江路86号,900185
200000066,广东省,深圳市,宝安区,广东省深圳市宝安区高新南七道811号,253143
200000067,浙江省,杭州市,滨江区,浙江省杭州市滨江区创新大道65号,216242
200000068,广东省,深圳市,宝安区,广东省深圳市宝安区人民路383号,365971
200000069,广东省,深圳市,宝安区,广东省深圳市宝安区创新大道38号,407696
200000070,北京市,北京市,丰台区,北京市北京市丰台区创新大道917号,505426
200000071,北京市,北京市,朝阳区,北京市北京市朝阳区创新大道360号,568849
200000072,浙江省,杭州市,西湖区,浙江省杭州市西湖区高新南七道371号,501451
200000073,上海市,上海市,浦东新区,上海市上海市浦东新区张江路794号,372933
200000074,浙江省,杭州市,滨江区,浙江省杭州市滨江区建国路125号,310743
200000075,广东省,深圳市,南山区,广东省深圳市南山区高新南七道658号,177767
200000076,广东省,深圳市,福田区,广东省深圳市福田区建国路651号,677599
200000077,浙江省,杭州市,西湖区,浙江省杭州市西湖区人民路633号,770030
200000078,江苏省,苏州市,吴中区,江苏省苏州市吴中区高新南七道999号,518084
200000079,北京市,北京市,丰台区,北京市北京市丰台区创新大道511号,423528
200000080,江苏省,苏州市,虎丘区,江苏省苏州市虎丘区高新南七道47号,520040
200000081,上海市,上海市,闵行区,上海市上海市闵行区科技南一道47号,140804
200000082,上海市,上海市,闵行区,上海市上海市闵行区张江路487号,955374
200000083,上海市,上海市,闵行区,上海市上海市闵行区星湖街842号,813793
200000084,北京市,北京市,丰台区,北京市北京市丰台区人民路322号,281594
200000085,江苏省,苏州市,虎丘区,江苏省苏州市虎丘区文一西路588号,809489
200000086,上海市,上海市,浦东新区,上海市上海市浦东新区建国路52号,802371
200000087,广东省,深圳市,南山区,广东省深圳市南山区建国路548号,874568
200000088,上海市,上海市,徐汇区,上海市上海市徐汇区创新大道911号,240718
200000089,广东省,深圳市,福田区,广东省深圳市福田区文一西路190号,247442
200000090,上海市,上海市,徐汇区,上海市上海市徐汇区张江路707号,223119
200000091,广东省,深圳市,宝安区,广东省深圳市宝安区文一西路64号,969032
200000092,上海市,上海市,浦东新区,上海市上海市浦东新区创新大道689号,946112
200000093,浙江省,杭州市,西湖区,浙江省杭州市西湖区人民路384号,501058
200000094,江苏省,苏州市,工业园区,江苏省苏州市工业园区张江路194号,860242
200000095,广东省,深圳市,南山区,广东省深圳市南山区张江路240号,955413
200000096,北京市,北京市,丰台区,北京市北京市丰台区高新南七道714号,536548
200000097,广东省,深圳市,福田区,广东省深圳市福田区高新南七道95号,661654
200000098,浙江省,杭州市,滨江区,浙江省杭州市滨江区建国路566号,437237
200000099,上海市,上海市,徐汇区,上海市上海市徐汇区人民路303号,259814
200000100,上海市,上海市,徐汇区,上海市上海市徐汇区科技南一道537号,135466
200000101,上海市,上海市,闵行区,上海市上海市闵行区科技南一道18号,655134
200000102,北京市,北京市,海淀区,北京市北京市海淀区建国路714号,336828
200000103,浙江省,杭州市,余杭区,浙江省杭州市余杭区创新大道278号,148823
200000104,北京市,北京市,丰台区,北京市北京市丰台区高新南七道394号,892313
200000105,江苏省,苏州市,吴中区,江苏省苏州市吴中区人民路443号,294760
200000106,广东省,深圳市,南山区,广东省深圳市南山区人民路460号,684041
200000107,江苏省,苏州市,虎丘区,江苏省苏州市虎丘区张江路505号,253023
200000108,江苏省,苏州市,虎丘区,江苏省苏州市虎丘区高新南七道441号,955088
200000109,上海市,上海市,浦东新区,上海市上海市浦东新区星湖街699号,904905
200000110,北京市,北京市,丰台区,北京市北京市丰台区人民路557号,138551
200000111,浙江省,杭州市,西湖区,浙江省杭州市西湖区建国路457号,492292
200000112,北京市,北京市,朝阳区,北京市北京市朝阳区创新大道740号,830609
200000113,北京市,北京市,丰台区,北京市北京市丰台区星湖街191号,771590
200000114,广东省,深圳市,福田区,广东省深圳市福田区创新大道541号,770153
200000115,浙江省,杭州市,西湖区,浙江省杭州市西湖区人民路429号,725397
200000116,上海市,上海市,徐汇区,上海市上海市徐汇区创新大道419号,817956
200000117,上海市,上海市,闵行区,上海市上海市闵行区科技南一道779号,853905
200000118,浙江省,杭州市,余杭区,浙江省杭州市余杭区科技南一道584号,467856
200000119,江苏省,苏州市,工业园区,江苏省苏州市工业园区人民路502号,249077
200000120,北京市,北京市,丰台区,北京市北京市丰台区高新南七道871号,166407
200000121,广东省,深圳市,福田区,广东省深圳市福田区建国路706号,238320
200000122,上海市,上海市,浦东新区,上海市上海市浦东新区创新大道10号,108454
200000123,上海市,上海市,徐汇区,上海市上海市徐汇区星湖街451号,468247
200000124,上海市,上海市,徐汇区,上海市上海市徐汇区张江路798号,824016
200000125,上海市,上海市,闵行区,上海市上海市闵行区高新南七道560号,816116
200000126,浙江省,杭州市,滨江区,浙江省杭州市滨江区文一西路318号,182860
200000127,江苏省,苏州市,吴中区,江苏省苏州市吴中区星湖街123号,113280
200000128,江苏省,苏州市,吴中区,江苏省苏州市吴中区文一西路509号,577309
200000129,浙江省,杭州市,余杭区,浙江省杭州市余杭区科技南一道567号,942127
200000130,江苏省,苏州市,虎丘区,江苏省苏州市虎丘区高新南七道89号,679958
200000131,广东省,深圳市,福田区,广东省深圳市福田区科技南一道778号,789233
200000132,浙江省,杭州市,西湖区,浙江省杭州市西湖区人民路77号,720647
200000133,北京市,北京市,海淀区,北京市北京市海淀区人民路124号,661957
200000134,江苏省,苏州市,虎丘区,江苏省苏州市虎丘区星湖街32号,524035
200000135,广东省,深圳市,南山区,广东省深圳市南山区创新大道829号,235047
200000136,浙江省,杭州市,西湖区,浙江省杭州市西湖区张江路511号,532005
200000137,广东省,深圳市,福田区,广东省深圳市福田区建国路31号,950069
200000138,浙江省,杭州市,余杭区,浙江省杭州市余杭区建国路607号,433451
200000139,上海市,上海市,浦东新区,上海市上海市浦东新区星湖街349号,851763
200000140,上海市,上海市,徐汇区,上海市上海市徐汇区高新南七道229号,797860
200000141,广东省,深圳市,南山区,广东省深圳市南山区高新南七道328号,276042
200000142,北京市,北京市,海淀区,北京市北京市海淀区高新南七道560号,493580
200000143,上海市,上海市,闵行区,上海市上海市闵行区科技南一道442号,785386
200000144,广东省,深圳市,福田区,广东省深圳市福田区文一西路302号,963918
200000145,北京市,北京市,海淀区,北京市北京市海淀区星湖街457号,146784
200000146,北京市,北京市,丰台区,北京市北京市丰台区建国路488号,413369
200000147,江苏省,苏州市,虎丘区,江苏省苏州市虎丘区文一西路90号,506951
200000148,江苏省,苏州市,虎丘区,江苏省苏州市虎丘区张江路393号,786594
200000149,江苏省,苏州市,虎丘区,江苏省苏州市虎丘区张江路864号,615500
200000150,浙江省,杭州市,余杭区,浙江省杭州市余杭区张江路727号,631413
200000151,浙江省,杭州市,滨江区,浙江省杭州市滨江区创新大道609号,567773
200000152,广东省,深圳市,福田区,广东省深圳市福田区星湖街663号,281614
200000153,上海市,上海市,闵行区,上海市上海市闵行区张江路701号,213355
200000154,江苏省,苏州市,虎丘区,江苏省苏州市虎丘区人民路398号,872519
200000155,浙江省,杭州市,西湖区,浙江省杭州市西湖区张江路743号,947609
200000156,上海市,上海市,浦东新区,上海市上海市浦东新区人民路543号,412848
200000157,浙江省,杭州市,西湖区,浙江省杭州市西湖区星湖街502号,923353
200000158,浙江省,杭州市,余杭区,浙江省杭州市余杭区高新南七道320号,235193
200000159,北京市,北京市,朝阳区,北京市北京市朝阳区建国路230号,862491
200000160,北京市,北京市,朝阳区,北京市北京市朝阳区张江路486号,835962
200000161,北京市,北京市,朝阳区,北京市北京市朝阳区建国路797号,375769
200000162,广东省,深圳市,宝安区,广东省深圳市宝安区文一西路927号,368322
200000163,北京市,北京市,丰台区,北京市北京市丰台区张江路900号,868677
200000164,北京市,北京市,丰台区,北京市北京市丰台区创新大道186号,741018
200000165,上海市,上海市,浦东新区,上海市上海市浦东新区人民路678号,861949
200000166,江苏省,苏州市,工业园区,江苏省苏州市工业园区建国路564号,774567
200000167,上海市,上海市,徐汇区,上海市上海市徐汇区张江路912号,633030
200000168,江苏省,苏州市,吴中区,江苏省苏州市吴中区高新南七道719号,211486
200000169,北京市,北京市,海淀区,北京市北京市海淀区星湖街987号,623059
200000170,浙江省,杭州市,滨江区,浙江省杭州市滨江区人民路987号,459513
200000171,江苏省,苏州市,吴中区,江苏省苏州市吴中区文一西路780号,469348
200000172,江苏省,苏州市,工业园区,江苏省苏州市工业园区科技南一道368号,953568
200000173,北京市,北京市,朝阳区,北京市北京市朝阳区高新南七道774号,716966
200000174,江苏省,苏州市,工业园区,江苏省苏州市工业园区高新南七道478号,844163
200000175,广东省,深圳市,福田区,广东省深圳市福田区建国路905号,323717
200000176,广东省,深圳市,福田区,广东省深圳市福田区张江路554号,859143
200000177,浙江省,杭州市,西湖区,浙江省杭州市西湖区人民路663号,956429
200000178,广东省,深圳市,福田区,广东省深圳市福田区文一西路548号,106185
200000179,北京市,北京市,丰台区,北京市北京市丰台区张江路984号,764845
200000180,上海市,上海市,浦东新区,上海市上海市浦东新区星湖街189号,331512
200000181,广东省,深圳市,南山区,广东省深圳市南山区高新南七道498号,572536
200000182,江苏省,苏州市,虎丘区,江苏省苏州市虎丘区创新大道565号,214119
200000183,上海市,上海市,闵行区,上海市上海市闵行区星湖街375号,511564
200000184,上海市,上海市,徐汇区,上海市上海市徐汇区星湖街754号,867562
200000185,上海市,上海市,徐汇区,上海市上海市徐汇区张江路855号,877948
200000186,浙江省,杭州市,滨江区,浙江省杭州市滨江区星湖街236号,180832
200000187,广东省,深圳市,南山区,广东省深圳市南山区星湖街138号,760120
200000188,北京市,北京市,丰台区,北京市北京市丰台区星湖街814号,710948
200000189,上海市,上海市,徐汇区,上海市上海市徐汇区科技南一道899号,921945
200000190,上海市,上海市,浦东新区,上海市上海市浦东新区人民路138号,366881
200000191,上海市,上海市,闵行区,上海市上海市闵行区张江路876号,662146
200000192,浙江省,杭州市,余杭区,浙江省杭州市余杭区建国路521号,520018
200000193,北京市,北京市,海淀区,北京市北京市海淀区张江路729号,726495
200000194,广东省,深圳市,福田区,广东省深圳市福田区人民路362号,802191
200000195,浙江省,杭州市,滨江区,浙江省杭州市滨江区文一西路573号,175902
200000196,北京市,北京市,丰台区,北京市北京市丰台区建国路694号,835236
200000197,浙江省,杭州市,滨江区,浙江省杭州市滨江区建国路241号,871153
200000198,上海市,上海市,闵行区,上海市上海市闵行区创新大道188号,901387
200000199,广东省,深圳市,宝安区,广东省深圳市宝安区建国路389号,709231
200000200,上海市,上海市,徐汇区,上海市上海市徐汇区建国路834号,204721
200000201,上海市,上海市,浦东新区,上海市上海市浦东新区人民路102号,824087
200000202,浙江省,杭州市,西湖区,浙江省杭州市西湖区星湖街800号,398433
200000203,江苏省,苏州市,工业园区,江苏省苏州市工业园区高新南七道325号,784733
200000204,广东省,深圳市,南山区,广东省深圳市南山区文一西路960号,596171
200000205,江苏省,苏州市,虎丘区,江苏省苏州市虎丘区创新大道479号,666843
200000206,浙江省,杭州市,滨江区,浙江省杭州市滨江区科技南一道1号,648736
200000207,北京市,北京市,海淀区,北京市北京市海淀区建国路270号,183057
200000208,浙江省,杭州市,余杭区,浙江省杭州市余杭区科技南一道191号,207241
200000209,北京市,北京市,朝阳区,北京市北京市朝阳区创新大道186号,301528
200000210,浙江省,杭州市,西湖区,浙江省杭州市西湖区科技南一道763号,676276
200000211,广东省,深圳市,宝安区,广东省深圳市宝安区创新大道705号,725173
200000212,江苏省,苏州市,虎丘区,江苏省苏州市虎丘区建国路22号,822730
200000213,北京市,北京市,海淀区,北京市北京市海淀区张江路555号,484945
200000214,江苏省,苏州市,虎丘区,江苏省苏州市虎丘区人民路657号,437666
200000215,上海市,上海市,徐汇区,上海市上海市徐汇区文一西路14号,318877
200000216,浙江省,杭州市,西湖区,浙江省杭州市西湖区人民路195号,302500
200000217,浙江省,杭州市,西湖区,浙江省杭州市西湖区创新大道956号,469438
200000218,江苏省,苏州市,吴中区,江苏省苏州市吴中区科技南一道531号,241647
200000219,上海市,上海市,浦东新区,上海市上海市浦东新区建国路263号,950472
200000220,江苏省,苏州市,虎丘区,江苏省苏州市虎丘区人民路427号,226395
200000221,北京市,北京市,朝阳区,北京市北京市朝阳区星湖街345号,186554
200000222,北京市,北京市,海淀区,北京市北京市海淀区文一西路116号,804378
200000223,浙江省,杭州市,西湖区,浙江省杭州市西湖区文一西路116号,875507
200000224,浙江省,杭州市,西湖区,浙江省杭州市西湖区科技南一道386号,711324
200000225,北京市,北京市,朝阳区,北京市北京市朝阳区人民路521号,844162
200000226,江苏省,苏州市,吴中区,江苏省苏州市吴中区张江路242号,625600
200000227,江苏省,苏州市,吴中区,江苏省苏州市吴中区高新南七道460号,668573
200000228,广东省,深圳市,南山区,广东省深圳市南山区高新南七道860号,252591
200000229,广东省,深圳市,福田区,广东省深圳市福田区文一西路705号,917707
200000230,北京市,北京市,丰台区,北京市北京市丰台区创新大道705号,440677
200000231,北京市,北京市,丰台区,北京市北京市丰台区科技南一道572号,506216
200000232,上海市,上海市,徐汇区,上海市上海市徐汇区星湖街403号,533648
200000233,广东省,深圳市,南山区,广东省深圳市南山区高新南七道580号,791567
200000234,广东省,深圳市,宝安区,广东省深圳市宝安区创新大道244号,327408
200000235,广东省,深圳市,宝安区,广东省深圳市宝安区张江路340号,191962
200000236,北京市,北京市,朝阳区,北京市北京市朝阳区人民路864号,677210
200000237,江苏省,苏州市,虎丘区,江苏省苏州市虎丘区高新南七道950号,236014
200000238,江苏省,苏州市,吴中区,江苏省苏州市吴中区建国路12号,771736
200000239,北京市,北京市,海淀区,北京市北京市海淀区科技南一道662号,242348
200000240,浙江省,杭州市,滨江区,浙江省杭州市滨江区科技南一道348号,493468
200000241,广东省,深圳市,南山区,广东省深圳市南山区文一西路455号,630573
200000242,上海市,上海市,浦东新区,上海市上海市浦东新区科技南一道319号,146168
200000243,江苏省,苏州市,工业园区,江苏省苏州市工业园区星湖街281号,220020
200000244,北京市,北京市,丰台区,北京市北京市丰台区科技南一道109号,502233
200000245,浙江省,杭州市,西湖区,浙江省杭州市西湖区张江路935号,481104
200000246,广东省,深圳市,福田区,广东省深圳市福田区文一西路812号,416793
200000247,广东省,深圳市,宝安区,广东省深圳市宝安区创新大道118号,720928
200000248,广东省,深圳市,南山区,广东省深圳市南山区星湖街464号,657062
200000249,广东省,深圳市,福田区,广东省深圳市福田区科技南一道1号,837520
200000250,江苏省,苏州市,虎丘区,江苏省苏州市虎丘区星湖街296号,802615
200000251,上海市,上海市,闵行区,上海市上海市闵行区人民路364号,336706
200000252,上海市,上海市,闵行区,上海市上海市闵行区创新大道530号,182034
200000253,上海市,上海市,徐汇区,上海市上海市徐汇区张江路745号,923154
200000254,广东省,深圳市,宝安区,广东省深圳市宝安区星湖街932号,720515
200000255,浙江省,杭州市,西湖区,浙江省杭州市西湖区创新大道744号,768545
200000256,北京市,北京市,朝阳区,北京市北京市朝阳区张江路950号,936039
200000257,浙江省,杭州市,西湖区,浙江省杭州市西湖区建国路533号,453796
200000258,浙江省,杭州市,西湖区,浙江省杭州市西湖区文一西路726号,225805
200000259,广东省,深圳市,福田区,广东省深圳市福田区人民路341号,162976
200000260,江苏省,苏州市,虎丘区,江苏省苏州市虎丘区科技南一道919号,621877
200000261,北京市,北京市,朝阳区,北京市北京市朝阳区高新南七道342号,814956
200000262,江苏省,苏州市,虎丘区,江苏省苏州市虎丘区文一西路907号,763529
200000263,广东省,深圳市,福田区,广东省深圳市福田区文一西路217号,946309
200000264,广东省,深圳市,福田区,广东省深圳市福田区星湖街856号,719752
200000265,广东省,深圳市,南山区,广东省深圳市南山区张江路145号,894348
200000266,北京市,北京市,丰台区,北京市北京市丰台区创新大道709号,233056
200000267,浙江省,杭州市,余杭区,浙江省杭州市余杭区文一西路634号,479481
200000268,上海市,上海市,闵行区,上海市上海市闵行区科技南一道107号,876383
200000269,北京市,北京市,朝阳区,北京市北京市朝阳区人民路913号,331381
200000270,广东省,深圳市,福田区,广东省深圳市福田区星湖街114号,993021
200000271,北京市,北京市,海淀区,北京市北京市海淀区科技南一道748号,548906
200000272,广东省,深圳市,福田区,广东省深圳市福田区创新大道247号,187127
200000273,北京市,北京市,朝阳区,北京市北京市朝阳区高新南七道642号,586849
200000274,江苏省,苏州市,工业园区,江苏省苏州市工业园区文一西路393号,483349
200000275,上海市,上海市,徐汇区,上海市上海市徐汇区人民路284号,157105
200000276,江苏省,苏州市,工业园区,江苏省苏州市工业园区文一西路169号,389346
200000277,北京市,北京市,丰台区,北京市北京市丰台区高新南七道672号,777433
200000278,浙江省,杭州市,西湖区,浙江省杭州市西湖区星湖街729号,661320
200000279,浙江省,杭州市,西湖区,浙江省杭州市西湖区张江路125号,126135
200000280,广东省,深圳市,福田区,广东省深圳市福田区科技南一道412号,747518
200000281,上海市,上海市,徐汇区,上海市上海市徐汇区科技南一道931号,799155
200000282,北京市,北京市,丰台区,北京市北京市丰台区人民路143号,976097
200000283,上海市,上海市,浦东新区,上海市上海市浦东新区建国路191号,972712
200000284,浙江省,杭州市,余杭区,浙江省杭州市余杭区文一西路784号,390683
200000285,浙江省,杭州市,滨江区,浙江省杭州市滨江区星湖街55号,385915
200000286,上海市,上海市,闵行区,上海市上海市闵行区星湖街14号,243601
200000287,广东省,深圳市,南山区,广东省深圳市南山区星湖街946号,118223
200000288,广东省,深圳市,福田区,广东省深圳市福田区文一西路80号,119719
200000289,浙江省,杭州市,余杭区,浙江省杭州市余杭区高新南七道30号,195189
200000290,广东省,深圳市,南山区,广东省深圳市南山区创新大道376号,832045
200000291,广东省,深圳市,福田区,广东省深圳市福田区张江路468号,729554
200000292,广东省,深圳市,南山区,广东省深圳市南山区星湖街405号,520085
200000293,北京市,北京市,丰台区,北京市北京市丰台区张江路151号,905305
200000294,上海市,上海市,浦东新区,上海市上海市浦东新区文一西路677号,888119
200000295,北京市,北京市,海淀区,北京市北京市海淀区科技南一道34号,285460
200000296,上海市,上海市,浦东新区,上海市上海市浦东新区人民路270号,618721
200000297,江苏省,苏州市,虎丘区,江苏省苏州市虎丘区高新南七道58号,793360
200000298,江苏省,苏州市,虎丘区,江苏省苏州市虎丘区人民路331号,700350
200000299,江苏省,苏州市,吴中区,江苏省苏州市吴中区人民路824号,336858
200000300,江苏省,苏州市,吴中区,江苏省苏州市吴中区创新大道688号,900527
200000301,浙江省,杭州市,余杭区,浙江省杭州市余杭区张江路865号,556538
200000302,北京市,北京市,海淀区,北京市北京市海淀区科技南一道207号,267099
200000303,浙江省,杭州市,余杭区,浙江省杭州市余杭区文一西路585号,870158
200000304,江苏省,苏州市,虎丘区,江苏省苏州市虎丘区人民路261号,718115
200000305,浙江省,杭州市,滨江区,浙江省杭州市滨江区人民路317号,769986
200000306,江苏省,苏州市,吴中区,江苏省苏州市吴中区人民路809号,135527
200000307,浙江省,杭州市,余杭区,浙江省杭州市余杭区人民路205号,758816
200000308,江苏省,苏州市,工业园区,江苏省苏州市工业园区文一西路425号,485456
200000309,浙江省,杭州市,西湖区,浙江省杭州市西湖区文一西路15号,853489
200000310,浙江省,杭州市,余杭区,浙江省杭州市余杭区张江路269号,346924
200000311,江苏省,苏州市,工业园区,江苏省苏州市工业园区创新大道931号,471512
200000312,北京市,北京市,朝阳区,北京市北京市朝阳区文一西路325号,844756
200000313,江苏省,苏州市,吴中区,江苏省苏州市吴中区创新大道783号,258612
200000314,上海市,上海市,闵行区,上海市上海市闵行区创新大道505号,217955
200000315,浙江省,杭州市,滨江区,浙江省杭州市滨江区文一西路909号,444622
200000316,上海市,上海市,闵行区,上海市上海市闵行区高新南七道971号,867080
200000317,北京市,北京市,海淀区,北京市北京市海淀区星湖街124号,413048
200000318,北京市,北京市,朝阳区,北京市北京市朝阳区科技南一道526号,458345
200000319,上海市,上海市,浦东新区,上海市上海市浦东新区文一西路940号,147285
200000320,北京市,北京市,丰台区,北京市北京市丰台区张江路322号,715732
200000321,北京市,北京市,海淀区,北京市北京市海淀区人民路890号,789666
200000322,上海市,上海市,浦东新区,上海市上海市浦东新区文一西路309号,907111
200000323,北京市,北京市,海淀区,北京市北京市海淀区创新大道755号,706770
200000324,北京市,北京市,海淀区,北京市北京市海淀区文一西路507号,752944
200000325,江苏省,苏州市,虎丘区,江苏省苏州市虎丘区星湖街637号,317273
200000326,浙江省,杭州市,余杭区,浙江省杭州市余杭区科技南一道827号,166758
200000327,广东省,深圳市,南山区,广东省深圳市南山区文一西路844号,689795
200000328,北京市,北京市,朝阳区,北京市北京市朝阳区建国路855号,948450
200000329,上海市,上海市,徐汇区,上海市上海市徐汇区高新南七道967号,131208
200000330,上海市,上海市,闵行区,上海市上海市闵行区高新南七道932号,460875
200000331,浙江省,杭州市,西湖区,浙江省杭州市西湖区张江路219号,197328
200000332,广东省,深圳市,福田区,广东省深圳市福田区张江路587号,872652
200000333,北京市,北京市,海淀区,北京市北京市海淀区文一西路95号,165214
200000334,北京市,北京市,丰台区,北京市北京市丰台区创新大道133号,838747
200000335,江苏省,苏州市,虎丘区,江苏省苏州市虎丘区张江路498号,129336
200000336,江苏省,苏州市,虎丘区,江苏省苏州市虎丘区创新大道855号,855009
200000337,广东省,深圳市,南山区,广东省深圳市南山区科技南一道586号,760717
200000338,浙江省,杭州市,余杭区,浙江省杭州市余杭区创新大道87号,946118
200000339,江苏省,苏州市,工业园区,江苏省苏州市工业园区星湖街315号,527060
200000340,上海市,上海市,闵行区,上海市上海市闵行区文一西路276号,163577
200000341,上海市,上海市,浦东新区,上海市上海市浦东新区星湖街383号,666692
200000342,上海市,上海市,闵行区,上海市上海市闵行区科技南一道166号,875089
200000343,江苏省,苏州市,虎丘区,江苏省苏州市虎丘区建国路471号,728635
200000344,江苏省,苏州市,虎丘区,江苏省苏州市虎丘区星湖街860号,905270
200000345,北京市,北京市,丰台区,北京市北京市丰台区建国路8号,305611
200000346,江苏省,苏州市,工业园区,江苏省苏州市工业园区科技南一道994号,826648
200000347,广东省,深圳市,宝安区,广东省深圳市宝安区建国路49号,391433
200000348,广东省,深圳市,南山区,广东省深圳市南山区创新大道443号,947311
200000349,广东省,深圳市,福田区,广东省深圳市福田区高新南七道912号,988869
200000350,上海市,上海市,浦东新区,上海市上海市浦东新区创新大道394号,586758
200000351,上海市,上海市,闵行区,上海市上海市闵行区高新南七道432号,604783
200000352,广东省,深圳市,宝安区,广东省深圳市宝安区星湖街59号,348918
200000353,江苏省,苏州市,工业园区,江苏省苏州市工业园区文一西路466号,927527
200000354,上海市,上海市,浦东新区,上海市上海市浦东新区星湖街298号,561801
200000355,江苏省,苏州市,工业园区,江苏省苏州市工业园区科技南一道852号,810360
200000356,浙江省,杭州市,西湖区,浙江省杭州市西湖区人民路712号,492435
200000357,北京市,北京市,丰台区,北京市北京市丰台区文一西路172号,633320
200000358,北京市,北京市,朝阳区,北京市北京市朝阳区人民路224号,420863
200000359,北京市,北京市,海淀区,北京市北京市海淀区张江路392号,125918
200000360,江苏省,苏州市,虎丘区,江苏省苏州市虎丘区张江路764号,955181
200000361,浙江省,杭州市,滨江区,浙江省杭州市滨江区建国路529号,715517
200000362,广东省,深圳市,福田区,广东省深圳市福田区高新南七道348号,336444
200000363,北京市,北京市,朝阳区,北京市北京市朝阳区人民路193号,597840
200000364,上海市,上海市,浦东新区,上海市上海市浦东新区创新大道59号,486559
200000365,上海市,上海市,闵行区,上海市上海市闵行区建国路515号,851589
200000366,北京市,北京市,海淀区,北京市北京市海淀区张江路401号,742805
200000367,浙江省,杭州市,滨江区,浙江省杭州市滨江区人民路781号,679677
200000368,广东省,深圳市,宝安区,广东省深圳市宝安区星湖街335号,802855
200000369,浙江省,杭州市,余杭区,浙江省杭州市余杭区科技南一道694号,386525
200000370,浙江省,杭州市,余杭区,浙江省杭州市余杭区文一西路17号,542166
200000371,北京市,北京市,朝阳区,北京市北京市朝阳区建国路219号,211028
200000372,上海市,上海市,浦东新区,上海市上海市浦东新区张江路983号,199346
200000373,广东省,深圳市,福田区,广东省深圳市福田区建国路756号,549312
200000374,广东省,深圳市,宝安区,广东省深圳市宝安区人民路664号,952188
200000375,广东省,深圳市,南山区,广东省深圳市南山区创新大道72号,301814
200000376,江苏省,苏州市,吴中区,江苏省苏州市吴中区创新大道991号,766478
200000377,江苏省,苏州市,吴中区,江苏省苏州市吴中区星湖街567号,861945
200000378,江苏省,苏州市,虎丘区,江苏省苏州市虎丘区创新大道316号,772188
200000379,浙江省,杭州市,余杭区,浙江省杭州市余杭区创新大道36号,952624
200000380,广东省,深圳市,宝安区,广东省深圳市宝安区建国路898号,543489
200000381,北京市,北京市,朝阳区,北京市北京市朝阳区文一西路72号,911329
200000382,浙江省,杭州市,滨江区,浙江省杭州市滨江区人民路452号,757286
200000383,广东省,深圳市,南山区,广东省深圳市南山区建国路535号,930248
200000384,江苏省,苏州市,虎丘区,江苏省苏州市虎丘区文一西路4号,579114
200000385,江苏省,苏州市,吴中区,江苏省苏州市吴中区创新大道240号,736237
200000386,江苏省,苏州市,吴中区,江苏省苏州市吴中区创新大道173号,567965
200000387,上海市,上海市,徐汇区,上海市上海市徐汇区创新大道93号,934184
200000388,上海市,上海市,浦东新区,上海市上海市浦东新区文一西路587号,485600
200000389,上海市,上海市,闵行区,上海市上海市闵行区高新南七道149号,955793
200000390,北京市,北京市,朝阳区,北京市北京市朝阳区高新南七道157号,968100
200000391,江苏省,苏州市,虎丘区,江苏省苏州市虎丘区建国路718号,997845
200000392,浙江省,杭州市,滨江区,浙江省杭州市滨江区人民路696号,982544
200000393,北京市,北京市,丰台区,北京市北京市丰台区文一西路797号,586197
200000394,北京市,北京市,海淀区,北京市北京市海淀区星湖街102号,441027
200000395,广东省,深圳市,南山区,广东省深圳市南山区星湖街6号,681667
200000396,上海市,上海市,闵行区,上海市上海市闵行区创新大道144号,705103
200000397,上海市,上海市,闵行区,上海市上海市闵行区文一西路564号,367352
200000398,江苏省,苏州市,虎丘区,江苏省苏州市虎丘区人民路27号,732928
200000399,广东省,深圳市,南山区,广东省深圳市南山区张江路603号,961240
200000400,上海市,上海市,徐汇区,上海市上海市徐汇区星湖街674号,232506
200000401,广东省,深圳市,福田区,广东省深圳市福田区人民路790号,427928
200000402,上海市,上海市,徐汇区,上海市上海市徐汇区文一西路416号,114575
200000403,浙江省,杭州市,西湖区,浙江省杭州市西湖区高新南七道976号,153379
200000404,上海市,上海市,浦东新区,上海市上海市浦东新区创新大道914号,747756
200000405,北京市,北京市,朝阳区,北京市北京市朝阳区星湖街788号,788530
200000406,浙江省,杭州市,余杭区,浙江省杭州市余杭区建国路292号,142211
200000407,广东省,深圳市,南山区,广东省深圳市南山区星湖街160号,460836
200000408,广东省,深圳市,福田区,广东省深圳市福田区建国路683号,960471
200000409,北京市,北京市,海淀区,北京市北京市海淀区张江路717号,764073
200000410,江苏省,苏州市,工业园区,江苏省苏州市工业园区张江路484号,393768
200000411,浙江省,杭州市,西湖区,浙江省杭州市西湖区人民路90号,211532
200000412,北京市,北京市,丰台区,北京市北京市丰台区张江路913号,896241
200000413,浙江省,杭州市,西湖区,浙江省杭州市西湖区人民路507号,817953
200000414,江苏省,苏州市,吴中区,江苏省苏州市吴中区张江路566号,224888
200000415,上海市,上海市,闵行区,上海市上海市闵行区星湖街419号,741185
200000416,江苏省,苏州市,工业园区,江苏省苏州市工业园区人民路160号,567723
200000417,上海市,上海市,浦东新区,上海市上海市浦东新区文一西路147号,175548
200000418,上海市,上海市,浦东新区,上海市上海市浦东新区科技南一道981号,930116
200000419,广东省,深圳市,宝安区,广东省深圳市宝安区张江路106号,636391
200000420,上海市,上海市,闵行区,上海市上海市闵行区文一西路370号,188923
200000421,浙江省,杭州市,滨江区,浙江省杭州市滨江区星湖街400号,568394
200000422,浙江省,杭州市,滨江区,浙江省杭州市滨江区人民路563号,621249
200000423,广东省,深圳市,福田区,广东省深圳市福田区高新南七道870号,990586
200000424,广东省,深圳市,福田区,广东省深圳市福田区星湖街31号,254021
200000425,广东省,深圳市,宝安区,广东省深圳市宝安区星湖街516号,268137
200000426,北京市,北京市,朝阳区,北京市北京市朝阳区文一西路837号,826061
200000427,上海市,上海市,浦东新区,上海市上海市浦东新区张江路193号,678490
200000428,江苏省,苏州市,虎丘区,江苏省苏州市虎丘区高新南七道998号,235808
200000429,浙江省,杭州市,西湖区,浙江省杭州市西湖区高新南七道459号,923501
200000430,江苏省,苏州市,吴中区,江苏省苏州市吴中区文一西路511号,198685
200000431,江苏省,苏州市,虎丘区,江苏省苏州市虎丘区人民路419号,998630
200000432,浙江省,杭州市,西湖区,浙江省杭州市西湖区人民路875号,176523
200000433,江苏省,苏州市,虎丘区,江苏省苏州市虎丘区创新大道218号,836405
200000434,广东省,深圳市,宝安区,广东省深圳市宝安区人民路277号,364315
200000435,江苏省,苏州市,虎丘区,江苏省苏州市虎丘区创新大道487号,661519
200000436,北京市,北京市,海淀区,北京市北京市海淀区科技南一道462号,972950
200000437,江苏省,苏州市,吴中区,江苏省苏州市吴中区文一西路717号,623376
200000438,上海市,上海市,浦东新区,上海市上海市浦东新区文一西路826号,977904
200000439,浙江省,杭州市,滨江区,浙江省杭州市滨江区文一西路360号,932308
200000440,江苏省,苏州市,吴中区,江苏省苏州市吴中区高新南七道344号,278688
200000441,上海市,上海市,闵行区,上海市上海市闵行区张江路858号,679763
200000442,浙江省,杭州市,余杭区,浙江省杭州市余杭区建国路305号,303244
200000443,浙江省,杭州市,余杭区,浙江省杭州市余杭区文一西路507号,985652
200000444,上海市,上海市,浦东新区,上海市上海市浦东新区文一西路352号,463629
200000445,广东省,深圳市,宝安区,广东省深圳市宝安区星湖街275号,386960
200000446,上海市,上海市,闵行区,上海市上海市闵行区星湖街814号,315830
200000447,上海市,上海市,徐汇区,上海市上海市徐汇区高新南七道408号,131394
200000448,北京市,北京市,海淀区,北京市北京市海淀区建国路540号,328026
200000449,江苏省,苏州市,吴中区,江苏省苏州市吴中区人民路243号,704413
200000450,北京市,北京市,朝阳区,北京市北京市朝阳区高新南七道506号,742064
200000451,广东省,深圳市,福田区,广东省深圳市福田区科技南一道114号,150335
200000452,上海市,上海市,闵行区,上海市上海市闵行区创新大道288号,437548
200000453,浙江省,杭州市,滨江区,浙江省杭州市滨江区人民路193号,611333
200000454,江苏省,苏州市,虎丘区,江苏省苏州市虎丘区星湖街703号,422066
200000455,浙江省,杭州市,滨江区,浙江省杭州市滨江区人民路521号,449951
200000456,浙江省,杭州市,余杭区,浙江省杭州市余杭区科技南一道917号,137421
200000457,江苏省,苏州市,吴中区,江苏省苏州市吴中区科技南一道97号,294069
200000458,广东省,深圳市,南山区,广东省深圳市南山区科技南一道609号,469249
200000459,江苏省,苏州市,吴中区,江苏省苏州市吴中区创新大道260号,481985
200000460,北京市,北京市,海淀区,北京市北京市海淀区建国路763号,193610
200000461,北京市,北京市,丰台区,北京市北京市丰台区高新南七道296号,215543
200000462,北京市,北京市,海淀区,北京市北京市海淀区科技南一道441号,469366
200000463,江苏省,苏州市,工业园区,江苏省苏州市工业园区人民路433号,518500
200000464,北京市,北京市,丰台区,北京市北京市丰台区星湖街385号,920411
200000465,江苏省,苏州市,工业园区,江苏省苏州市工业园区高新南七道131号,751050
200000466,江苏省,苏州市,工业园区,江苏省苏州市工业园区文一西路759号,713015
200000467,上海市,上海市,浦东新区,上海市上海市浦东新区文一西路254号,314217
200000468,广东省,深圳市,南山区,广东省深圳市南山区星湖街839号,880768
200000469,江苏省,苏州市,虎丘区,江苏省苏州市虎丘区文一西路578号,508346
200000470,广东省,深圳市,南山区,广东省深圳市南山区星湖街361号,787796
200000471,上海市,上海市,徐汇区,上海市上海市徐汇区高新南七道599号,747469
200000472,江苏省,苏州市,工业园区,江苏省苏州市工业园区科技南一道868号,886363
200000473,上海市,上海市,浦东新区,上海市上海市浦东新区文一西路597号,125420
200000474,上海市,上海市,徐汇区,上海市上海市徐汇区星湖街821号,170416
200000475,浙江省,杭州市,滨江区,浙江省杭州市滨江区文一西路548号,703304
200000476,江苏省,苏州市,吴中区,江苏省苏州市吴中区科技南一道242号,617530
200000477,江苏省,苏州市,虎丘区,江苏省苏州市虎丘区创新大道311号,919506
200000478,上海市,上海市,闵行区,上海市上海市闵行区高新南七道199号,459793
200000479,江苏省,苏州市,吴中区,江苏省苏州市吴中区建国路300号,236017
200000480,江苏省,苏州市,虎丘区,江苏省苏州市虎丘区文一西路56号,463473
200000481,广东省,深圳市,南山区,广东省深圳市南山区创新大道857号,135395
200000482,江苏省,苏州市,工业园区,江苏省苏州市工业园区高新南七道945号,968386
200000483,上海市,上海市,闵行区,上海市上海市闵行区星湖街984号,499812
200000484,江苏省,苏州市,吴中区,江苏省苏州市吴中区高新南七道857号,377366
200000485,江苏省,苏州市,虎丘区,江苏省苏州市虎丘区张江路890号,618970
200000486,广东省,深圳市,宝安区,广东省深圳市宝安区建国路359号,214466
200000487,江苏省,苏州市,虎丘区,江苏省苏州市虎丘区张江路637号,132670
200000488,广东省,深圳市,南山区,广东省深圳市南山区人民路552号,868654
200000489,北京市,北京市,海淀区,北京市北京市海淀区文一西路361号,687681
200000490,广东省,深圳市,南山区,广东省深圳市南山区人民路432号,629558
200000491,浙江省,杭州市,西湖区,浙江省杭州市西湖区人民路926号,542875
200000492,浙江省,杭州市,西湖区,浙江省杭州市西湖区星湖街742号,903162
200000493,江苏省,苏州市,工业园区,江苏省苏州市工业园区星湖街43号,953527
200000494,浙江省,杭州市,余杭区,浙江省杭州市余杭区建国路566号,979535
200000495,北京市,北京市,海淀区,北京市北京市海淀区文一西路886号,243464
200000496,上海市,上海市,闵行区,上海市上海市闵行区建国路862号,685283
200000497,浙江省,杭州市,余杭区,浙江省杭州市余杭区人民路69号,614526
200000498,北京市,北京市,丰台区,北京市北京市丰台区高新南七道557号,604322
200000499,浙江省,杭州市,余杭区,浙江省杭州市余杭区张江路275号,632139
200000500,浙江省,杭州市,西湖区,浙江省杭州市西湖区星湖街549号,316217
200000501,上海市,上海市,浦东新区,上海市上海市浦东新区星湖街859号,661720
200000502,广东省,深圳市,南山区,广东省深圳市南山区建国路35号,385693
200000503,浙江省,杭州市,西湖区,浙江省杭州市西湖区张江路804号,439452
200000504,北京市,北京市,丰台区,北京市北京市丰台区人民路975号,490843
200000505,北京市,北京市,丰台区,北京市北京市丰台区建国路86号,248195
200000506,上海市,上海市,闵行区,上海市上海市闵行区高新南七道983号,783680
200000507,上海市,上海市,闵行区,上海市上海市闵行区星湖街767号,673660
200000508,北京市,北京市,海淀区,北京市北京市海淀区建国路959号,446215
200000509,上海市,上海市,闵行区,上海市上海市闵行区星湖街69号,467476
200000510,江苏省,苏州市,工业园区,江苏省苏州市工业园区张江路578号,207292
200000511,浙江省,杭州市,滨江区,浙江省杭州市滨江区科技南一道332号,181566
200000512,浙江省,杭州市,西湖区,浙江省杭州市西湖区张江路729号,249824
200000513,广东省,深圳市,南山区,广东省深圳市南山区创新大道370号,651553
200000514,广东省,深圳市,宝安区,广东省深圳市宝安区创新大道623号,762951
200000515,上海市,上海市,闵行区,上海市上海市闵行区建国路671号,743829
200000516,广东省,深圳市,福田区,广东省深圳市福田区建国路706号,630019
200000517,广东省,深圳市,南山区,广东省深圳市南山区科技南一道223号,768934
200000518,浙江省,杭州市,滨江区,浙江省杭州市滨江区建国路182号,409258
200000519,江苏省,苏州市,工业园区,江苏省苏州市工业园区高新南七道717号,628236
200000520,江苏省,苏州市,吴中区,江苏省苏州市吴中区文一西路645号,476317
200000521,浙江省,杭州市,滨江区,浙江省杭州市滨江区高新南七道616号,454291
200000522,广东省,深圳市,南山区,广东省深圳市南山区张江路812号,903023
200000523,江苏省,苏州市,工业园区,江苏省苏州市工业园区创新大道564号,820147
200000524,北京市,北京市,丰台区,北京市北京市丰台区科技南一道228号,738081
200000525,北京市,北京市,朝阳区,北京市北京市朝阳区张江路982号,542223
200000526,北京市,北京市,海淀区,北京市北京市海淀区科技南一道311号,545625
200000527,上海市,上海市,闵行区,上海市上海市闵行区建国路528号,952319
200000528,北京市,北京市,朝阳区,北京市北京市朝阳区创新大道333号,412143
200000529,广东省,深圳市,南山区,广东省深圳市南山区高新南七道382号,140147
200000530,江苏省,苏州市,吴中区,江苏省苏州市吴中区建国路711号,937764
200000531,江苏省,苏州市,虎丘区,江苏省苏州市虎丘区创新大道614号,928645
200000532,江苏省,苏州市,虎丘区,江苏省苏州市虎丘区星湖街474号,995857
200000533,北京市,北京市,丰台区,北京市北京市丰台区创新大道31号,263473
200000534,广东省,深圳市,宝安区,广东省深圳市宝安区张江路183号,266846
200000535,北京市,北京市,海淀区,北京市北京市海淀区创新大道161号,286255
200000536,北京市,北京市,朝阳区,北京市北京市朝阳区高新南七道625号,362081
200000537,江苏省,苏州市,工业园区,江苏省苏州市工业园区科技南一道212号,705659
200000538,北京市,北京市,海淀区,北京市北京市海淀区文一西路802号,537350
200000539,江苏省,苏州市,吴中区,江苏省苏州市吴中区文一西路740号,277160
200000540,江苏省,苏州市,吴中区,江苏省苏州市吴中区张江路609号,137480
200000541,江苏省,苏州市,虎丘区,江苏省苏州市虎丘区张江路653号,338989
200000542,北京市,北京市,丰台区,北京市北京市丰台区星湖街892号,650750
200000543,广东省,深圳市,宝安区,广东省深圳市宝安区建国路760号,312368
200000544,浙江省,杭州市,西湖区,浙江省杭州市西湖区建国路234号,823137
200000545,广东省,深圳市,福田区,广东省深圳市福田区文一西路202号,601532
200000546,北京市,北京市,丰台区,北京市北京市丰台区张江路505号,761785
200000547,上海市,上海市,闵行区,上海市上海市闵行区创新大道168号,287480
200000548,浙江省,杭州市,西湖区,浙江省杭州市西湖区星湖街332号,263984
200000549,北京市,北京市,丰台区,北京市北京市丰台区人民路781号,537385
200000550,上海市,上海市,徐汇区,上海市上海市徐汇区建国路817号,325422
200000551,上海市,上海市,闵行区,上海市上海市闵行区科技南一道104号,158840
200000552,上海市,上海市,徐汇区,上海市上海市徐汇区张江路571号,656822
200000553,广东省,深圳市,南山区,广东省深圳市南山区文一西路658号,530732
200000554,上海市,上海市,浦东新区,上海市上海市浦东新区文一西路545号,265909
200000555,北京市,北京市,朝阳区,北京市北京市朝阳区人民路589号,408086
200000556,浙江省,杭州市,余杭区,浙江省杭州市余杭区张江路186号,205797
200000557,北京市,北京市,朝阳区,北京市北京市朝阳区人民路27号,565517
200000558,广东省,深圳市,福田区,广东省深圳市福田区高新南七道768号,432272
200000559,广东省,深圳市,宝安区,广东省深圳市宝安区人民路897号,594258
200000560,浙江省,杭州市,滨江区,浙江省杭州市滨江区星湖街179号,643791
200000561,广东省,深圳市,宝安区,广东省深圳市宝安区星湖街936号,527456
200000562,广东省,深圳市,福田区,广东省深圳市福田区创新大道481号,369338
200000563,浙江省,杭州市,滨江区,浙江省杭州市滨江区星湖街748号,791398
200000564,浙江省,杭州市,余杭区,浙江省杭州市余杭区人民路331号,112281
200000565,北京市,北京市,丰台区,北京市北京市丰台区创新大道680号,201191
200000566,上海市,上海市,浦东新区,上海市上海市浦东新区星湖街408号,959860
200000567,浙江省,杭州市,余杭区,浙江省杭州市余杭区星湖街651号,765124
200000568,江苏省,苏州市,吴中区,江苏省苏州市吴中区张江路214号,869089
200000569,北京市,北京市,朝阳区,北京市北京市朝阳区星湖街211号,564919
200000570,江苏省,苏州市,虎丘区,江苏省苏州市虎丘区科技南一道391号,978683
200000571,江苏省,苏州市,吴中区,江苏省苏州市吴中区张江路927号,363895
200000572,北京市,北京市,朝阳区,北京市北京市朝阳区文一西路605号,978922
200000573,北京市,北京市,丰台区,北京市北京市丰台区科技南一道222号,694469
200000574,江苏省,苏州市,工业园区,江苏省苏州市工业园区建国路572号,908251
200000575,北京市,北京市,丰台区,北京市北京市丰台区星湖街775号,501286
200000576,广东省,深圳市,南山区,广东省深圳市南山区文一西路93号,846235
200000577,浙江省,杭州市,西湖区,浙江省杭州市西湖区星湖街684号,387087
200000578,上海市,上海市,徐汇区,上海市上海市徐汇区人民路643号,703410
200000579,上海市,上海市,徐汇区,上海市上海市徐汇区创新大道549号,428712
200000580,北京市,北京市,丰台区,北京市北京市丰台区星湖街66号,815136
200000581,上海市,上海市,闵行区,上海市上海市闵行区星湖街785号,665824
200000582,江苏省,苏州市,工业园区,江苏省苏州市工业园区文一西路969号,523158
200000583,广东省,深圳市,福田区,广东省深圳市福田区创新大道770号,198595
200000584,上海市,上海市,闵行区,上海市上海市闵行区星湖街549号,328981
200000585,浙江省,杭州市,西湖区,浙江省杭州市西湖区星湖街922号,204565
200000586,北京市,北京市,丰台区,北京市北京市丰台区文一西路869号,645095
200000587,北京市,北京市,丰台区,北京市北京市丰台区人民路314号,621786
200000588,上海市,上海市,浦东新区,上海市上海市浦东新区人民路757号,633069
200000589,广东省,深圳市,福田区,广东省深圳市福田区科技南一道927号,352064
200000590,北京市,北京市,海淀区,北京市北京市海淀区人民路285号,983566
200000591,江苏省,苏州市,吴中区,江苏省苏州市吴中区人民路292号,662309
200000592,浙江省,杭州市,余杭区,浙江省杭州市余杭区文一西路248号,557125
200000593,广东省,深圳市,福田区,广东省深圳市福田区人民路157号,405980
200000594,广东省,深圳市,福田区,广东省深圳市福田区科技南一道634号,855480
200000595,北京市,北京市,丰台区,北京市北京市丰台区人民路290号,818914
200000596,广东省,深圳市,福田区,广东省深圳市福田区张江路148号,144622
200000597,北京市,北京市,朝阳区,北京市北京市朝阳区建国路252号,327498
200000598,江苏省,苏州市,吴中区,江苏省苏州市吴中区星湖街676号,502957
200000599,浙江省,杭州市,滨江区,浙江省杭州市滨江区高新南七道626号,900475
200000600,江苏省,苏州市,吴中区,江苏省苏州市吴中区创新大道487号,455069
200000601,广东省,深圳市,南山区,广东省深圳市南山区星湖街902号,499454
200000602,上海市,上海市,闵行区,上海市上海市闵行区人民路939号,256747
200000603,上海市,上海市,浦东新区,上海市上海市浦东新区创新大道327号,274988
200000604,北京市,北京市,海淀区,北京市北京市海淀区人民路37号,829062
200000605,广东省,深圳市,南山区,广东省深圳市南山区文一西路249号,178029
200000606,浙江省,杭州市,余杭区,浙江省杭州市余杭区文一西路191号,196158
200000607,广东省,深圳市,福田区,广东省深圳市福田区星湖街520号,106620
200000608,浙江省,杭州市,滨江区,浙江省杭州市滨江区张江路845号,461506
200000609,江苏省,苏州市,吴中区,江苏省苏州市吴中区文一西路583号,375185
200000610,北京市,北京市,海淀区,北京市北京市海淀区星湖街146号,873701
200000611,浙江省,杭州市,滨江区,浙江省杭州市滨江区高新南七道203号,122733
200000612,浙江省,杭州市,西湖区,浙江省杭州市西湖区创新大道823号,326915
200000613,江苏省,苏州市,虎丘区,江苏省苏州市虎丘区建国路215号,442046
200000614,北京市,北京市,朝阳区,北京市北京市朝阳区高新南七道524号,200225
200000615,广东省,深圳市,福田区,广东省深圳市福田区高新南七道845号,750801
200000616,北京市,北京市,丰台区,北京市北京市丰台区科技南一道306号,373665
200000617,北京市,北京市,海淀区,北京市北京市海淀区星湖街601号,234779
200000618,广东省,深圳市,宝安区,广东省深圳市宝安区科技南一道741号,852112
200000619,北京市,北京市,丰台区,北京市北京市丰台区人民路712号,262512
200000620,浙江省,杭州市,西湖区,浙江省杭州市西湖区高新南七道331号,506349
200000621,上海市,上海市,浦东新区,上海市上海市浦东新区人民路218号,259651
200000622,北京市,北京市,丰台区,北京市北京市丰台区人民路210号,293810
200000623,江苏省,苏州市,工业园区,江苏省苏州市工业园区建国路850号,289707
200000624,广东省,深圳市,福田区,广东省深圳市福田区科技南一道311号,566679
200000625,浙江省,杭州市,余杭区,浙江省杭州市余杭区科技南一道902号,599651
200000626,北京市,北京市,海淀区,北京市北京市海淀区星湖街997号,113913
200000627,北京市,北京市,朝阳区,北京市北京市朝阳区科技南一道294号,481718
200000628,北京市,北京市,丰台区,北京市北京市丰台区人民路369号,552682
200000629,北京市,北京市,朝阳区,北京市北京市朝阳区人民路902号,217314
200000630,北京市,北京市,丰台区,北京市北京市丰台区文一西路232号,771580
200000631,广东省,深圳市,福田区,广东省深圳市福田区文一西路213号,294735
200000632,北京市,北京市,朝阳区,北京市北京市朝阳区创新大道328号,468571
200000633,浙江省,杭州市,西湖区,浙江省杭州市西湖区文一西路466号,498302
200000634,北京市,北京市,海淀区,北京市北京市海淀区人民路821号,661683
200000635,北京市,北京市,丰台区,北京市北京市丰台区星湖街792号,495019
200000636,上海市,上海市,徐汇区,上海市上海市徐汇区高新南七道651号,669884
200000637,浙江省,杭州市,西湖区,浙江省杭州市西湖区建国路457号,791915
200000638,江苏省,苏州市,吴中区,江苏省苏州市吴中区科技南一道311号,950879
200000639,广东省,深圳市,福田区,广东省深圳市福田区文一西路580号,272734
200000640,上海市,上海市,闵行区,上海市上海市闵行区星湖街248号,728074
200000641,江苏省,苏州市,虎丘区,江苏省苏州市虎丘区创新大道396号,894210
200000642,江苏省,苏州市,工业园区,江苏省苏州市工业园区建国路357号,421228
200000643,上海市,上海市,徐汇区,上海市上海市徐汇区星湖街121号,859790
200000644,北京市,北京市,丰台区,北京市北京市丰台区人民路4号,169778
200000645,广东省,深圳市,南山区,广东省深圳市南山区文一西路285号,212681
200000646,江苏省,苏州市,吴中区,江苏省苏州市吴中区高新南七道861号,347843
200000647,北京市,北京市,朝阳区,北京市北京市朝阳区建国路471号,739219
200000648,北京市,北京市,丰台区,北京市北京市丰台区人民路24号,667557
200000649,北京市,北京市,朝阳区,北京市北京市朝阳区人民路213号,328514
200000650,北京市,北京市,海淀区,北京市北京市海淀区创新大道932号,544740
200000651,浙江省,杭州市,余杭区,浙江省杭州市余杭区星湖街95号,745346
200000652,浙江省,杭州市,滨江区,浙江省杭州市滨江区创新大道965号,543824
200000653,江苏省,苏州市,吴中区,江苏省苏州市吴中区科技南一道513号,629016
200000654,广东省,深圳市,福田区,广东省深圳市福田区星湖街1号,401153
200000655,浙江省,杭州市,余杭区,浙江省杭州市余杭区建国路76号,728934
200000656,广东省,深圳市,南山区,广东省深圳市南山区创新大道259号,610421
200000657,上海市,上海市,闵行区,上海市上海市闵行区科技南一道957号,988326
200000658,上海市,上海市,闵行区,上海市上海市闵行区高新南七道637号,442406
200000659,江苏省,苏州市,工业园区,江苏省苏州市工业园区星湖街781号,305871
200000660,浙江省,杭州市,余杭区,浙江省杭州市余杭区张江路745号,606110
200000661,上海市,上海市,徐汇区,上海市上海市徐汇区张江路826号,722697
200000662,浙江省,杭州市,滨江区,浙江省杭州市滨江区星湖街949号,203386
200000663,北京市,北京市,朝阳区,北京市北京市朝阳区高新南七道961号,488371
200000664,广东省,深圳市,南山区,广东省深圳市南山区人民路505号,196799
200000665,广东省,深圳市,宝安区,广东省深圳市宝安区科技南一道842号,301586
200000666,江苏省,苏州市,工业园区,江苏省苏州市工业园区人民路873号,455108
200000667,广东省,深圳市,南山区,广东省深圳市南山区科技南一道602号,223436
200000668,北京市,北京市,朝阳区,北京市北京市朝阳区高新南七道68号,151288
200000669,北京市,北京市,朝阳区,北京市北京市朝阳区创新大道897号,450807
200000670,浙江省,杭州市,滨江区,浙江省杭州市滨江区张江路544号,509668
200000671,北京市,北京市,海淀区,北京市北京市海淀区建国路946号,430489
200000672,广东省,深圳市,福田区,广东省深圳市福田区人民路17号,626124
200000673,浙江省,杭州市,余杭区,浙江省杭州市余杭区人民路82号,444745
200000674,广东省,深圳市,南山区,广东省深圳市南山区建国路68号,916489
200000675,上海市,上海市,闵行区,上海市上海市闵行区科技南一道933号,750475
200000676,北京市,北京市,丰台区,北京市北京市丰台区文一西路763号,337765
200000677,北京市,北京市,朝阳区,北京市北京市朝阳区星湖街864号,200639
200000678,江苏省,苏州市,吴中区,江苏省苏州市吴中区星湖街713号,370827
200000679,江苏省,苏州市,虎丘区,江苏省苏州市虎丘区高新南七道910号,229737
200000680,广东省,深圳市,福田区,广东省深圳市福田区人民路96号,789855
200000681,浙江省,杭州市,西湖区,浙江省杭州市西湖区文一西路646号,951703
200000682,上海市,上海市,徐汇区,上海市上海市徐汇区人民路198号,965101
200000683,上海市,上海市,浦东新区,上海市上海市浦东新区建国路136号,845609
200000684,浙江省,杭州市,余杭区,浙江省杭州市余杭区文一西路890号,486669
200000685,北京市,北京市,朝阳区,北京市北京市朝阳区科技南一道801号,974187
200000686,江苏省,苏州市,虎丘区,江苏省苏州市虎丘区人民路277号,268252
200000687,上海市,上海市,闵行区,上海市上海市闵行区人民路21号,166026
200000688,上海市,上海市,闵行区,上海市上海市闵行区高新南七道2号,604385
200000689,浙江省,杭州市,滨江区,浙江省杭州市滨江区科技南一道879号,452476
200000690,广东省,深圳市,南山区,广东省深圳市南山区创新大道736号,242314
200000691,上海市,上海市,徐汇区,上海市上海市徐汇区建国路46号,599135
200000692,浙江省,杭州市,余杭区,浙江省杭州市余杭区文一西路643号,699475
200000693,浙江省,杭州市,滨江区,浙江省杭州市滨江区张江路855号,820119
200000694,浙江省,杭州市,滨江区,浙江省杭州市滨江区高新南七道908号,575062
200000695,广东省,深圳市,宝安区,广东省深圳市宝安区星湖街923号,156405
200000696,广东省,深圳市,福田区,广东省深圳市福田区文一西路266号,373825
200000697,江苏省,苏州市,虎丘区,江苏省苏州市虎丘区科技南一道34号,902663
200000698,浙江省,杭州市,滨江区,浙江省杭州市滨江区高新南七道389号,804830
200000699,广东省,深圳市,福田区,广东省深圳市福田区人民路481号,142344
200000700,江苏省,苏州市,吴中区,江苏省苏州市吴中区建国路330号,487518
200000701,上海市,上海市,浦东新区,上海市上海市浦东新区星湖街67号,163660
200000702,浙江省,杭州市,西湖区,浙江省杭州市西湖区文一西路145号,830484
200000703,广东省,深圳市,福田区,广东省深圳市福田区张江路969号,762314
200000704,江苏省,苏州市,虎丘区,江苏省苏州市虎丘区张江路884号,404716
200000705,广东省,深圳市,福田区,广东省深圳市福田区建国路210号,326632
200000706,浙江省,杭州市,西湖区,浙江省杭州市西湖区文一西路647号,811755
200000707,北京市,北京市,丰台区,北京市北京市丰台区科技南一道11号,293807
200000708,北京市,北京市,朝阳区,北京市北京市朝阳区建国路402号,485776
200000709,北京市,北京市,朝阳区,北京市北京市朝阳区星湖街835号,858072
200000710,江苏省,苏州市,工业园区,江苏省苏州市工业园区创新大道959号,514708
200000711,北京市,北京市,朝阳区,北京市北京市朝阳区高新南七道963号,881358
200000712,江苏省,苏州市,吴中区,江苏省苏州市吴中区科技南一道119号,353860
200000713,广东省,深圳市,宝安区,广东省深圳市宝安区高新南七道463号,824679
200000714,北京市,北京市,丰台区,北京市北京市丰台区张江路851号,679546
200000715,上海市,上海市,闵行区,上海市上海市闵行区建国路977号,283630
200000716,广东省,深圳市,宝安区,广东省深圳市宝安区创新大道179号,885673
200000717,广东省,深圳市,南山区,广东省深圳市南山区人民路350号,131394
200000718,浙江省,杭州市,余杭区,浙江省杭州市余杭区高新南七道586号,453215
200000719,上海市,上海市,闵行区,上海市上海市闵行区人民路930号,508196
200000720,江苏省,苏州市,工业园区,江苏省苏州市工业园区创新大道418号,911235
200000721,北京市,北京市,海淀区,北京市北京市海淀区星湖街611号,243857
200000722,浙江省,杭州市,余杭区,浙江省杭州市余杭区创新大道238号,193519
200000723,浙江省,杭州市,滨江区,浙江省杭州市滨江区建国路845号,638228
200000724,北京市,北京市,海淀区,北京市北京市海淀区科技南一道997号,957170
200000725,广东省,深圳市,福田区,广东省深圳市福田区星湖街105号,758784
200000726,江苏省,苏州市,虎丘区,江苏省苏州市虎丘区科技南一道347号,340027
200000727,北京市,北京市,丰台区,北京市北京市丰台区星湖街87号,790917
200000728,浙江省,杭州市,余杭区,浙江省杭州市余杭区星湖街336号,695451
200000729,浙江省,杭州市,西湖区,浙江省杭州市西湖区人民路999号,854124
200000730,北京市,北京市,朝阳区,北京市北京市朝阳区高新南七道946号,287739
200000731,北京市,北京市,丰台区,北京市北京市丰台区星湖街878号,753935
200000732,江苏省,苏州市,虎丘区,江苏省苏州市虎丘区人民路746号,749633
200000733,上海市,上海市,闵行区,上海市上海市闵行区星湖街654号,358604
200000734,江苏省,苏州市,虎丘区,江苏省苏州市虎丘区星湖街992号,703396
200000735,北京市,北京市,丰台区,北京市北京市丰台区张江路845号,374419
200000736,江苏省,苏州市,工业园区,江苏省苏州市工业园区高新南七道301号,575714
200000737,上海市,上海市,闵行区,上海市上海市闵行区星湖街714号,774561
200000738,江苏省,苏州市,工业园区,江苏省苏州市工业园区建国路865号,639236
200000739,浙江省,杭州市,余杭区,浙江省杭州市余杭区创新大道724号,454303
200000740,北京市,北京市,海淀区,北京市北京市海淀区科技南一道140号,992351
200000741,北京市,北京市,朝阳区,北京市北京市朝阳区建国路649号,763753
200000742,江苏省,苏州市,吴中区,江苏省苏州市吴中区人民路154号,883181
200000743,广东省,深圳市,宝安区,广东省深圳市宝安区张江路640号,197102
200000744,北京市,北京市,海淀区,北京市北京市海淀区高新南七道267号,883104
200000745,浙江省,杭州市,西湖区,浙江省杭州市西湖区创新大道984号,226804
200000746,广东省,深圳市,宝安区,广东省深圳市宝安区人民路819号,442836
200000747,北京市,北京市,丰台区,北京市北京市丰台区创新大道225号,269409
200000748,广东省,深圳市,福田区,广东省深圳市福田区建国路683号,724842
200000749,广东省,深圳市,宝安区,广东省深圳市宝安区建国路178号,139486
200000750,浙江省,杭州市,滨江区,浙江省杭州市滨江区文一西路835号,700483
200000751,浙江省,杭州市,滨江区,浙江省杭州市滨江区张江路670号,870621
200000752,北京市,北京市,海淀区,北京市北京市海淀区创新大道771号,792251
200000753,上海市,上海市,徐汇区,上海市上海市徐汇区建国路38号,407874
200000754,江苏省,苏州市,工业园区,江苏省苏州市工业园区高新南七道138号,257420
200000755,上海市,上海市,闵行区,上海市上海市闵行区科技南一道795号,201888
200000756,北京市,北京市,朝阳区,北京市北京市朝阳区人民路127号,479398
200000757,广东省,深圳市,福田区,广东省深圳市福田区高新南七道268号,266302
200000758,江苏省,苏州市,虎丘区,江苏省苏州市虎丘区高新南七道381号,398889
200000759,北京市,北京市,丰台区,北京市北京市丰台区建国路103号,571152
200000760,北京市,北京市,朝阳区,北京市北京市朝阳区建国路521号,144512
200000761,北京市,北京市,朝阳区,北京市北京市朝阳区高新南七道545号,653776
200000762,北京市,北京市,朝阳区,北京市北京市朝阳区文一西路362号,713571
200000763,北京市,北京市,朝阳区,北京市北京市朝阳区张江路39号,120602
200000764,北京市,北京市,丰台区,北京市北京市丰台区创新大道655号,334546
200000765,江苏省,苏州市,工业园区,江苏省苏州市工业园区建国路851号,282657
200000766,上海市,上海市,浦东新区,上海市上海市浦东新区文一西路92号,530694
200000767,上海市,上海市,徐汇区,上海市上海市徐汇区张江路951号,793618
200000768,江苏省,苏州市,吴中区,江苏省苏州市吴中区科技南一道429号,597347
200000769,上海市,上海市,徐汇区,上海市上海市徐汇区星湖街475号,861481
200000770,浙江省,杭州市,余杭区,浙江省杭州市余杭区创新大道291号,806942
200000771,江苏省,苏州市,吴中区,江苏省苏州市吴中区人民路27号,378548
200000772,上海市,上海市,浦东新区,上海市上海市浦东新区张江路548号,519567
200000773,广东省,深圳市,宝安区,广东省深圳市宝安区建国路367号,793298
200000774,广东省,深圳市,南山区,广东省深圳市南山区高新南七道929号,391941
200000775,浙江省,杭州市,西湖区,浙江省杭州市西湖区张江路609号,664385
200000776,江苏省,苏州市,吴中区,江苏省苏州市吴中区人民路632号,795381
200000777,上海市,上海市,徐汇区,上海市上海市徐汇区星湖街60号,985856
200000778,浙江省,杭州市,余杭区,浙江省杭州市余杭区张江路336号,490477
200000779,上海市,上海市,徐汇区,上海市上海市徐汇区人民路442号,621670
200000780,浙江省,杭州市,西湖区,浙江省杭州市西湖区科技南一道436号,237212
200000781,北京市,北京市,朝阳区,北京市北京市朝阳区星湖街122号,283404
200000782,上海市,上海市,闵行区,上海市上海市闵行区人民路62号,106416
200000783,北京市,北京市,海淀区,北京市北京市海淀区星湖街654号,951432
200000784,浙江省,杭州市,滨江区,浙江省杭州市滨江区张江路971号,639026
200000785,浙江省,杭州市,余杭区,浙江省杭州市余杭区创新大道293号,907142
200000786,北京市,北京市,海淀区,北京市北京市海淀区科技南一道671号,669273
200000787,江苏省,苏州市,工业园区,江苏省苏州市工业园区张江路13号,137501
200000788,江苏省,苏州市,虎丘区,江苏省苏州市虎丘区张江路438号,156085
200000789,上海市,上海市,徐汇区,上海市上海市徐汇区张江路896号,665042
200000790,广东省,深圳市,宝安区,广东省深圳市宝安区人民路728号,364905
200000791,上海市,上海市,浦东新区,上海市上海市浦东新区建国路172号,252783
200000792,上海市,上海市,徐汇区,上海市上海市徐汇区创新大道733号,504995
200000793,上海市,上海市,徐汇区,上海市上海市徐汇区星湖街200号,430156
200000794,广东省,深圳市,福田区,广东省深圳市福田区人民路996号,800912
200000795,上海市,上海市,徐汇区,上海市上海市徐汇区科技南一道377号,910555
200000796,上海市,上海市,徐汇区,上海市上海市徐汇区文一西路484号,654842
200000797,江苏省,苏州市,虎丘区,江苏省苏州市虎丘区星湖街390号,115406
200000798,浙江省,杭州市,余杭区,浙江省杭州市余杭区文一西路555号,805664
200000799,浙江省,杭州市,余杭区,浙江省杭州市余杭区高新南七道698号,407912
200000800,浙江省,杭州市,西湖区,浙江省杭州市西湖区高新南七道420号,388472
200000801,浙江省,杭州市,余杭区,浙江省杭州市余杭区星湖街430号,176009
200000802,广东省,深圳市,宝安区,广东省深圳市宝安区科技南一道762号,480347
200000803,江苏省,苏州市,工业园区,江苏省苏州市工业园区星湖街817号,695053
200000804,上海市,上海市,浦东新区,上海市上海市浦东新区建国路924号,907940
200000805,浙江省,杭州市,滨江区,浙江省杭州市滨江区星湖街431号,655682
200000806,江苏省,苏州市,虎丘区,江苏省苏州市虎丘区星湖街554号,149736
200000807,江苏省,苏州市,虎丘区,江苏省苏州市虎丘区文一西路44号,617351
200000808,浙江省,杭州市,余杭区,浙江省杭州市余杭区科技南一道416号,851919
200000809,广东省,深圳市,南山区,广东省深圳市南山区高新南七道114号,453643
200000810,江苏省,苏州市,吴中区,江苏省苏州市吴中区高新南七道660号,129412
200000811,北京市,北京市,朝阳区,北京市北京市朝阳区张江路66号,175506
200000812,广东省,深圳市,福田区,广东省深圳市福田区人民路966号,964286
200000813,江苏省,苏州市,工业园区,江苏省苏州市工业园区科技南一道3号,511702
200000814,江苏省,苏州市,工业园区,江苏省苏州市工业园区科技南一道643号,295842
200000815,上海市,上海市,徐汇区,上海市上海市徐汇区人民路523号,365580
200000816,浙江省,杭州市,余杭区,浙江省杭州市余杭区星湖街608号,872744
200000817,北京市,北京市,朝阳区,北京市北京市朝阳区星湖街2号,566529
200000818,上海市,上海市,浦东新区,上海市上海市浦东新区人民路109号,910342
200000819,江苏省,苏州市,工业园区,江苏省苏州市工业园区创新大道548号,902777
200000820,北京市,北京市,朝阳区,北京市北京市朝阳区科技南一道56号,286260
200000821,江苏省,苏州市,吴中区,江苏省苏州市吴中区建国路718号,110703
200000822,广东省,深圳市,南山区,广东省深圳市南山区文一西路428号,451760
200000823,浙江省,杭州市,西湖区,浙江省杭州市西湖区文一西路426号,815795
200000824,浙江省,杭州市,余杭区,浙江省杭州市余杭区文一西路821号,312886
200000825,北京市,北京市,海淀区,北京市北京市海淀区高新南七道62号,417924
200000826,上海市,上海市,闵行区,上海市上海市闵行区星湖街465号,298991
200000827,上海市,上海市,徐汇区,上海市上海市徐汇区科技南一道547号,870653
200000828,江苏省,苏州市,虎丘区,江苏省苏州市虎丘区星湖街911号,483394
200000829,江苏省,苏州市,虎丘区,江苏省苏州市虎丘区创新大道798号,863116
200000830,江苏省,苏州市,虎丘区,江苏省苏州市虎丘区人民路954号,863503
200000831,北京市,北京市,丰台区,北京市北京市丰台区星湖街331号,924733
200000832,江苏省,苏州市,工业园区,江苏省苏州市工业园区张江路667号,670909
200000833,江苏省,苏州市,工业园区,江苏省苏州市工业园区星湖街955号,226088
200000834,浙江省,杭州市,西湖区,浙江省杭州市西湖区星湖街891号,779587
200000835,江苏省,苏州市,工业园区,江苏省苏州市工业园区科技南一道948号,900264
200000836,北京市,北京市,丰台区,北京市北京市丰台区建国路123号,546087
200000837,浙江省,杭州市,西湖区,浙江省杭州市西湖区科技南一道616号,776200
200000838,浙江省,杭州市,余杭区,浙江省杭州市余杭区张江路373号,994292
200000839,上海市,上海市,闵行区,上海市上海市闵行区文一西路783号,630229
200000840,北京市,北京市,丰台区,北京市北京市丰台区人民路946号,841816
200000841,江苏省,苏州市,虎丘区,江苏省苏州市虎丘区星湖街355号,687426
200000842,浙江省,杭州市,余杭区,浙江省杭州市余杭区文一西路545号,158114
200000843,北京市,北京市,朝阳区,北京市北京市朝阳区人民路677号,160116
200000844,江苏省,苏州市,工业园区,江苏省苏州市工业园区文一西路580号,903657
200000845,浙江省,杭州市,滨江区,浙江省杭州市滨江区星湖街683号,115633
200000846,北京市,北京市,海淀区,北京市北京市海淀区科技南一道580号,648635
200000847,浙江省,杭州市,西湖区,浙江省杭州市西湖区建国路964号,761614
200000848,广东省,深圳市,宝安区,广东省深圳市宝安区文一西路361号,983073
200000849,上海市,上海市,闵行区,上海市上海市闵行区创新大道946号,424544
200000850,江苏省,苏州市,吴中区,江苏省苏州市吴中区人民路632号,295529
200000851,北京市,北京市,丰台区,北京市北京市丰台区建国路437号,414268
200000852,江苏省,苏州市,吴中区,江苏省苏州市吴中区文一西路406号,697043
200000853,江苏省,苏州市,吴中区,江苏省苏州市吴中区人民路132号,734848
200000854,上海市,上海市,闵行区,上海市上海市闵行区建国路294号,760914
200000855,江苏省,苏州市,工业园区,江苏省苏州市工业园区星湖街798号,220375
200000856,广东省,深圳市,福田区,广东省深圳市福田区高新南七道566号,412837
200000857,浙江省,杭州市,滨江区,浙江省杭州市滨江区创新大道300号,292006
200000858,上海市,上海市,浦东新区,上海市上海市浦东新区星湖街908号,943807
200000859,浙江省,杭州市,滨江区,浙江省杭州市滨江区高新南七道748号,890512
200000860,广东省,深圳市,宝安区,广东省深圳市宝安区文一西路687号,548555
200000861,浙江省,杭州市,余杭区,浙江省杭州市余杭区张江路836号,611323
200000862,江苏省,苏州市,工业园区,江苏省苏州市工业园区创新大道834号,857294
200000863,上海市,上海市,浦东新区,上海市上海市浦东新区创新大道158号,926927
200000864,浙江省,杭州市,滨江区,浙江省杭州市滨江区文一西路814号,295356
200000865,浙江省,杭州市,西湖区,浙江省杭州市西湖区星湖街361号,208599
200000866,江苏省,苏州市,虎丘区,江苏省苏州市虎丘区星湖街148号,218475
200000867,上海市,上海市,闵行区,上海市上海市闵行区高新南七道13号,384124
200000868,上海市,上海市,徐汇区,上海市上海市徐汇区高新南七道425号,344497
200000869,上海市,上海市,徐汇区,上海市上海市徐汇区星湖街155号,721311
200000870,浙江省,杭州市,余杭区,浙江省杭州市余杭区人民路387号,179689
200000871,浙江省,杭州市,余杭区,浙江省杭州市余杭区星湖街801号,179974
200000872,广东省,深圳市,福田区,广东省深圳市福田区张江路313号,886512
200000873,广东省,深圳市,宝安区,广东省深圳市宝安区人民路742号,235582
200000874,北京市,北京市,丰台区,北京市北京市丰台区文一西路93号,593941
200000875,浙江省,杭州市,西湖区,浙江省杭州市西湖区星湖街553号,453014
200000876,上海市,上海市,徐汇区,上海市上海市徐汇区科技南一道62号,573014
200000877,广东省,深圳市,宝安区,广东省深圳市宝安区高新南七道651号,219584
200000878,浙江省,杭州市,余杭区,浙江省杭州市余杭区建国路358号,295910
200000879,上海市,上海市,徐汇区,上海市上海市徐汇区文一西路877号,785967
200000880,浙江省,杭州市,西湖区,浙江省杭州市西湖区科技南一道734号,961833
200000881,上海市,上海市,闵行区,上海市上海市闵行区人民路644号,767378
200000882,广东省,深圳市,宝安区,广东省深圳市宝安区创新大道315号,819324
200000883,上海市,上海市,徐汇区,上海市上海市徐汇区文一西路390号,407198
200000884,北京市,北京市,朝阳区,北京市北京市朝阳区人民路410号,403959
200000885,上海市,上海市,徐汇区,上海市上海市徐汇区建国路634号,723907
200000886,北京市,北京市,朝阳区,北京市北京市朝阳区高新南七道661号,313181
200000887,广东省,深圳市,南山区,广东省深圳市南山区文一西路647号,886558
200000888,北京市,北京市,海淀区,北京市北京市海淀区星湖街309号,140495
200000889,江苏省,苏州市,虎丘区,江苏省苏州市虎丘区科技南一道265号,623138
200000890,江苏省,苏州市,虎丘区,江苏省苏州市虎丘区高新南七道224号,206564
200000891,江苏省,苏州市,吴中区,江苏省苏州市吴中区建国路633号,463336
200000892,北京市,北京市,朝阳区,北京市北京市朝阳区科技南一道345号,154762
200000893,上海市,上海市,闵行区,上海市上海市闵行区创新大道205号,372585
200000894,上海市,上海市,闵行区,上海市上海市闵行区星湖街832号,683864
200000895,上海市,上海市,浦东新区,上海市上海市浦东新区文一西路525号,691947
200000896,北京市,北京市,朝阳区,北京市北京市朝阳区张江路910号,494338
200000897,北京市,北京市,丰台区,北京市北京市丰台区张江路927号,401454
200000898,上海市,上海市,浦东新区,上海市上海市浦东新区星湖街147号,174928
200000899,江苏省,苏州市,工业园区,江苏省苏州市工业园区人民路509号,897493
200000900,北京市,北京市,丰台区,北京市北京市丰台区文一西路282号,452908
200000901,上海市,上海市,浦东新区,上海市上海市浦东新区创新大道985号,885385
200000902,江苏省,苏州市,虎丘区,江苏省苏州市虎丘区文一西路250号,858652
200000903,上海市,上海市,闵行区,上海市上海市闵行区建国路389号,894323
200000904,江苏省,苏州市,虎丘区,江苏省苏州市虎丘区建国路89号,782268
200000905,广东省,深圳市,南山区,广东省深圳市南山区人民路785号,781738
200000906,江苏省,苏州市,虎丘区,江苏省苏州市虎丘区张江路44号,491438
200000907,上海市,上海市,浦东新区,上海市上海市浦东新区高新南七道814号,321684
200000908,江苏省,苏州市,工业园区,江苏省苏州市工业园区建国路852号,971820
200000909,浙江省,杭州市,西湖区,浙江省杭州市西湖区文一西路520号,617385
200000910,江苏省,苏州市,工业园区,江苏省苏州市工业园区人民路993号,124318
200000911,江苏省,苏州市,工业园区,江苏省苏州市工业园区科技南一道58号,841632
200000912,广东省,深圳市,宝安区,广东省深圳市宝安区创新大道155号,880569
200000913,上海市,上海市,浦东新区,上海市上海市浦东新区科技南一道198号,420317
200000914,北京市,北京市,丰台区,北京市北京市丰台区星湖街72号,698989
200000915,北京市,北京市,朝阳区,北京市北京市朝阳区建国路771号,916518
200000916,江苏省,苏州市,吴中区,江苏省苏州市吴中区人民路812号,217309
200000917,北京市,北京市,朝阳区,北京市北京市朝阳区星湖街351号,289880
200000918,浙江省,杭州市,滨江区,浙江省杭州市滨江区人民路81号,783195
200000919,上海市,上海市,闵行区,上海市上海市闵行区张江路751号,736118
200000920,浙江省,杭州市,滨江区,浙江省杭州市滨江区文一西路579号,214856
200000921,江苏省,苏州市,吴中区,江苏省苏州市吴中区人民路277号,570860
200000922,广东省,深圳市,南山区,广东省深圳市南山区建国路3号,163920
200000923,广东省,深圳市,南山区,广东省深圳市南山区文一西路394号,695294
200000924,上海市,上海市,浦东新区,上海市上海市浦东新区人民路492号,370546
200000925,江苏省,苏州市,吴中区,江苏省苏州市吴中区张江路338号,625597
200000926,江苏省,苏州市,虎丘区,江苏省苏州市虎丘区张江路884号,524067
200000927,江苏省,苏州市,工业园区,江苏省苏州市工业园区星湖街985号,510079
200000928,广东省,深圳市,南山区,广东省深圳市南山区文一西路791号,687216
200000929,广东省,深圳市,福田区,广东省深圳市福田区人民路419号,124674
200000930,江苏省,苏州市,工业园区,江苏省苏州市工业园区创新大道754号,550240
200000931,江苏省,苏州市,工业园区,江苏省苏州市工业园区科技南一道375号,623470
200000932,浙江省,杭州市,滨江区,浙江省杭州市滨江区创新大道4号,634131
200000933,北京市,北京市,朝阳区,北京市北京市朝阳区星湖街593号,163008
200000934,北京市,北京市,丰台区,北京市北京市丰台区星湖街971号,215828
200000935,上海市,上海市,闵行区,上海市上海市闵行区建国路560号,677168
200000936,上海市,上海市,浦东新区,上海市上海市浦东新区人民路415号,372284
200000937,上海市,上海市,闵行区,上海市上海市闵行区科技南一道844号,351361
200000938,广东省,深圳市,南山区,广东省深圳市南山区张江路942号,597909
200000939,上海市,上海市,徐汇区,上海市上海市徐汇区张江路866号,767033
200000940,北京市,北京市,朝阳区,北京市北京市朝阳区创新大道614号,897392
200000941,广东省,深圳市,宝安区,广东省深圳市宝安区建国路497号,455307
200000942,浙江省,杭州市,余杭区,浙江省杭州市余杭区人民路988号,295268
200000943,江苏省,苏州市,吴中区,江苏省苏州市吴中区星湖街92号,437488
200000944,浙江省,杭州市,西湖区,浙江省杭州市西湖区星湖街296号,668149
200000945,江苏省,苏州市,吴中区,江苏省苏州市吴中区人民路716号,404927
200000946,上海市,上海市,闵行区,上海市上海市闵行区文一西路328号,595408
200000947,浙江省,杭州市,滨江区,浙江省杭州市滨江区科技南一道781号,804062
200000948,北京市,北京市,朝阳区,北京市北京市朝阳区科技南一道847号,624330
200000949,广东省,深圳市,福田区,广东省深圳市福田区高新南七道723号,581316
200000950,广东省,深圳市,福田区,广东省深圳市福田区人民路700号,316923
200000951,广东省,深圳市,福田区,广东省深圳市福田区人民路606号,812427
200000952,广东省,深圳市,福田区,广东省深圳市福田区建国路699号,788115
200000953,北京市,北京市,丰台区,北京市北京市丰台区星湖街467号,864037
200000954,江苏省,苏州市,工业园区,江苏省苏州市工业园区高新南七道117号,402986
200000955,江苏省,苏州市,工业园区,江苏省苏州市工业园区人民路276号,619522
200000956,浙江省,杭州市,滨江区,浙江省杭州市滨江区创新大道188号,366134
200000957,上海市,上海市,徐汇区,上海市上海市徐汇区高新南七道112号,832829
200000958,北京市,北京市,丰台区,北京市北京市丰台区人民路464号,514326
200000959,北京市,北京市,丰台区,北京市北京市丰台区创新大道373号,890141
200000960,上海市,上海市,浦东新区,上海市上海市浦东新区建国路178号,264497
200000961,广东省,深圳市,南山区,广东省深圳市南山区人民路595号,628790
200000962,上海市,上海市,徐汇区,上海市上海市徐汇区建国路126号,232461
200000963,北京市,北京市,海淀区,北京市北京市海淀区高新南七道285号,267827
200000964,北京市,北京市,朝阳区,北京市北京市朝阳区人民路876号,387382
200000965,浙江省,杭州市,滨江区,浙江省杭州市滨江区科技南一道196号,274289
200000966,北京市,北京市,丰台区,北京市北京市丰台区星湖街268号,588780
200000967,北京市,北京市,海淀区,北京市北京市海淀区科技南一道442号,616643
200000968,北京市,北京市,海淀区,北京市北京市海淀区科技南一道905号,645013
200000969,上海市,上海市,浦东新区,上海市上海市浦东新区高新南七道313号,327233
200000970,上海市,上海市,闵行区,上海市上海市闵行区建国路604号,897420
200000971,北京市,北京市,海淀区,北京市北京市海淀区科技南一道269号,971412
200000972,浙江省,杭州市,余杭区,浙江省杭州市余杭区张江路857号,586204
200000973,北京市,北京市,海淀区,北京市北京市海淀区建国路726号,651259
200000974,上海市,上海市,闵行区,上海市上海市闵行区张江路730号,197678
200000975,浙江省,杭州市,滨江区,浙江省杭州市滨江区张江路185号,753971
200000976,广东省,深圳市,南山区,广东省深圳市南山区张江路574号,329840
200000977,江苏省,苏州市,吴中区,江苏省苏州市吴中区高新南七道764号,336343
200000978,江苏省,苏州市,工业园区,江苏省苏州市工业园区文一西路401号,861384
200000979,上海市,上海市,闵行区,上海市上海市闵行区张江路218号,579237
200000980,上海市,上海市,徐汇区,上海市上海市徐汇区科技南一道961号,162715
200000981,广东省,深圳市,南山区,广东省深圳市南山区建国路455号,379979
200000982,北京市,北京市,丰台区,北京市北京市丰台区张江路795号,185230
200000983,江苏省,苏州市,吴中区,江苏省苏州市吴中区高新南七道869号,122971
200000984,浙江省,杭州市,余杭区,浙江省杭州市余杭区文一西路412号,900069
200000985,江苏省,苏州市,工业园区,江苏省苏州市工业园区建国路475号,194830
200000986,上海市,上海市,徐汇区,上海市上海市徐汇区科技南一道116号,395988
200000987,上海市,上海市,徐汇区,上海市上海市徐汇区张江路675号,924547
200000988,江苏省,苏州市,吴中区,江苏省苏州市吴中区星湖街923号,991207
200000989,广东省,深圳市,福田区,广东省深圳市福田区星湖街412号,257519
200000990,广东省,深圳市,南山区,广东省深圳市南山区人民路553号,102288
200000991,北京市,北京市,朝阳区,北京市北京市朝阳区张江路288号,382406
200000992,上海市,上海市,浦东新区,上海市上海市浦东新区文一西路962号,263798
200000993,江苏省,苏州市,工业园区,江苏省苏州市工业园区高新南七道364号,333104
200000994,江苏省,苏州市,虎丘区,江苏省苏州市虎丘区人民路421号,259666
200000995,江苏省,苏州市,工业园区,江苏省苏州市工业园区人民路189号,273838
200000996,上海市,上海市,徐汇区,上海市上海市徐汇区创新大道886号,519238
200000997,上海市,上海市,徐汇区,上海市上海市徐汇区建国路783号,728611
200000998,上海市,上海市,浦东新区,上海市上海市浦东新区建国路308号,223950
200000999,广东省,深圳市,福田区,广东省深圳市福田区星湖街57号,643781
200001000,浙江省,杭州市,余杭区,浙江省杭州市余杭区文一西路486号,790887
